,Shear Strain,Shear Stress
0,0.0,20.0
1,0.0,20.0
2,0.0,20.0
3,0.0001,20.0
4,0.0002,20.0131
5,0.0003,20.0372
6,0.0004,20.0627
7,0.0004,20.0886
8,0.0005,20.1153
9,0.0006,20.1427
10,0.0006,20.1704
11,0.0007,20.1983
12,0.0007,20.2263
13,0.0008,20.2543
14,0.0009,20.2824
15,0.0009,20.3104
16,0.001,20.3384
17,0.001,20.3665
18,0.0011,20.3947
19,0.0011,20.4229
20,0.0012,20.4512
21,0.0012,20.4797
22,0.0013,20.5083
23,0.0013,20.5369
24,0.0014,20.5656
25,0.0014,20.5943
26,0.0014,20.623
27,0.0015,20.6518
28,0.0015,20.6805
29,0.0016,20.7092
30,0.0016,20.7379
31,0.0017,20.7665
32,0.0017,20.7952
33,0.0018,20.8238
34,0.0018,20.8524
35,0.0019,20.881
36,0.0019,20.9096
37,0.002,20.9382
38,0.002,20.9667
39,0.0021,20.9952
40,0.0021,21.0237
41,0.0022,21.0522
42,0.0022,21.0807
43,0.0023,21.1091
44,0.0023,21.1376
45,0.0024,21.166
46,0.0024,21.1944
47,0.0025,21.2227
48,0.0025,21.2511
49,0.0026,21.2794
50,0.0026,21.3077
51,0.0027,21.336
52,0.0027,21.3643
53,0.0027,21.3926
54,0.0028,21.4208
55,0.0028,21.4491
56,0.0029,21.4773
57,0.0029,21.5055
58,0.003,21.5336
59,0.003,21.5618
60,0.0031,21.5899
61,0.0031,21.6181
62,0.0032,21.6462
63,0.0032,21.6742
64,0.0033,21.7023
65,0.0033,21.7303
66,0.0034,21.7584
67,0.0034,21.7864
68,0.0035,21.8144
69,0.0035,21.8423
70,0.0036,21.8703
71,0.0036,21.8982
72,0.0037,21.9262
73,0.0037,21.9541
74,0.0038,21.9819
75,0.0038,22.0098
76,0.0039,22.0376
77,0.0039,22.0655
78,0.004,22.0933
79,0.004,22.1211
80,0.0041,22.1488
81,0.0041,22.1766
82,0.0042,22.2043
83,0.0042,22.2321
84,0.0043,22.2598
85,0.0043,22.2874
86,0.0044,22.3151
87,0.0044,22.3428
88,0.0044,22.3704
89,0.0045,22.398
90,0.0045,22.4256
91,0.0046,22.4532
92,0.0046,22.4807
93,0.0047,22.5083
94,0.0047,22.5358
95,0.0048,22.5633
96,0.0048,22.5908
97,0.0049,22.6183
98,0.0049,22.6457
99,0.005,22.6731
100,0.005,22.7006
101,0.0051,22.728
102,0.0051,22.7553
103,0.0052,22.7827
104,0.0052,22.8101
105,0.0053,22.8374
106,0.0053,22.8647
107,0.0054,22.892
108,0.0054,22.9193
109,0.0055,22.9465
110,0.0055,22.9738
111,0.0056,23.001
112,0.0056,23.0282
113,0.0057,23.0554
114,0.0057,23.0825
115,0.0058,23.1097
116,0.0058,23.1368
117,0.0059,23.1639
118,0.0059,23.191
119,0.006,23.2181
120,0.006,23.2452
121,0.0061,23.2722
122,0.0061,23.2993
123,0.0062,23.3263
124,0.0062,23.3533
125,0.0063,23.3802
126,0.0063,23.4072
127,0.0064,23.4341
128,0.0064,23.4611
129,0.0065,23.488
130,0.0065,23.5149
131,0.0066,23.5417
132,0.0066,23.5686
133,0.0067,23.5954
134,0.0067,23.6223
135,0.0068,23.6491
136,0.0068,23.6758
137,0.0069,23.7026
138,0.0069,23.7294
139,0.007,23.7561
140,0.007,23.7828
141,0.0071,23.8095
142,0.0071,23.8362
143,0.0072,23.8629
144,0.0072,23.8895
145,0.0072,23.9161
146,0.0073,23.9428
147,0.0073,23.9693
148,0.0074,23.9959
149,0.0074,24.0225
150,0.0075,24.049
151,0.0075,24.0756
152,0.0076,24.1021
153,0.0076,24.1286
154,0.0077,24.155
155,0.0077,24.1815
156,0.0078,24.2079
157,0.0078,24.2344
158,0.0079,24.2608
159,0.0079,24.2872
160,0.008,24.3135
161,0.008,24.3399
162,0.0081,24.3662
163,0.0081,24.3926
164,0.0082,24.4189
165,0.0082,24.4452
166,0.0083,24.4714
167,0.0083,24.4977
168,0.0084,24.5239
169,0.0084,24.5501
170,0.0085,24.5763
171,0.0085,24.6025
172,0.0086,24.6287
173,0.0086,24.6549
174,0.0087,24.681
175,0.0087,24.7071
176,0.0088,24.7332
177,0.0088,24.7593
178,0.0089,24.7854
179,0.0089,24.8114
180,0.009,24.8375
181,0.009,24.8635
182,0.0091,24.8895
183,0.0091,24.9155
184,0.0092,24.9414
185,0.0092,24.9674
186,0.0093,24.9933
187,0.0093,25.0193
188,0.0094,25.0452
189,0.0094,25.071
190,0.0095,25.0969
191,0.0095,25.1228
192,0.0096,25.1486
193,0.0096,25.1744
194,0.0097,25.2002
195,0.0097,25.226
196,0.0098,25.2518
197,0.0098,25.2775
198,0.0099,25.3033
199,0.0099,25.329
200,0.01,25.3547
201,0.01,25.3804
202,0.0101,25.406
203,0.0101,25.4317
204,0.0102,25.4573
205,0.0102,25.483
206,0.0103,25.5086
207,0.0103,25.5341
208,0.0104,25.5597
209,0.0104,25.5853
210,0.0105,25.6108
211,0.0105,25.6363
212,0.0106,25.6618
213,0.0106,25.6873
214,0.0107,25.7128
215,0.0107,25.7383
216,0.0108,25.7637
217,0.0108,25.7891
218,0.0109,25.8145
219,0.0109,25.8399
220,0.011,25.8653
221,0.011,25.8907
222,0.0111,25.916
223,0.0111,25.9413
224,0.0112,25.9666
225,0.0112,25.9919
226,0.0113,26.0172
227,0.0113,26.0425
228,0.0114,26.0677
229,0.0114,26.0929
230,0.0115,26.1182
231,0.0115,26.1434
232,0.0116,26.1685
233,0.0116,26.1937
234,0.0117,26.2188
235,0.0117,26.244
236,0.0118,26.2691
237,0.0118,26.2942
238,0.0119,26.3193
239,0.0119,26.3443
240,0.012,26.3694
241,0.012,26.3944
242,0.0121,26.4194
243,0.0121,26.4445
244,0.0122,26.4694
245,0.0122,26.4944
246,0.0123,26.5194
247,0.0124,26.5443
248,0.0124,26.5692
249,0.0125,26.5941
250,0.0125,26.619
251,0.0126,26.6439
252,0.0126,26.6688
253,0.0127,26.6936
254,0.0127,26.7184
255,0.0128,26.7432
256,0.0128,26.768
257,0.0129,26.7928
258,0.0129,26.8176
259,0.013,26.8423
260,0.013,26.8671
261,0.0131,26.8918
262,0.0131,26.9165
263,0.0132,26.9412
264,0.0132,26.9658
265,0.0133,26.9905
266,0.0133,27.0151
267,0.0134,27.0397
268,0.0134,27.0644
269,0.0135,27.0889
270,0.0135,27.1135
271,0.0136,27.1381
272,0.0136,27.1626
273,0.0137,27.1871
274,0.0137,27.2117
275,0.0138,27.2362
276,0.0138,27.2606
277,0.0139,27.2851
278,0.0139,27.3095
279,0.014,27.334
280,0.014,27.3584
281,0.0141,27.3828
282,0.0141,27.4072
283,0.0142,27.4316
284,0.0142,27.4559
285,0.0143,27.4803
286,0.0143,27.5046
287,0.0144,27.5289
288,0.0144,27.5532
289,0.0145,27.5775
290,0.0145,27.6017
291,0.0146,27.626
292,0.0146,27.6502
293,0.0147,27.6744
294,0.0147,27.6986
295,0.0148,27.7228
296,0.0148,27.747
297,0.0149,27.7711
298,0.0149,27.7953
299,0.015,27.8194
300,0.015,27.8435
301,0.0151,27.8676
302,0.0151,27.8917
303,0.0152,27.9157
304,0.0152,27.9398
305,0.0153,27.9638
306,0.0154,27.9878
307,0.0154,28.0118
308,0.0155,28.0358
309,0.0155,28.0598
310,0.0156,28.0837
311,0.0156,28.1077
312,0.0157,28.1316
313,0.0157,28.1555
314,0.0158,28.1794
315,0.0158,28.2033
316,0.0159,28.2271
317,0.0159,28.251
318,0.016,28.2748
319,0.016,28.2986
320,0.0161,28.3224
321,0.0161,28.3462
322,0.0162,28.37
323,0.0162,28.3937
324,0.0163,28.4175
325,0.0163,28.4412
326,0.0164,28.4649
327,0.0164,28.4886
328,0.0165,28.5123
329,0.0165,28.536
330,0.0166,28.5596
331,0.0166,28.5832
332,0.0167,28.6069
333,0.0167,28.6305
334,0.0168,28.6541
335,0.0168,28.6776
336,0.0169,28.7012
337,0.0169,28.7247
338,0.017,28.7483
339,0.017,28.7718
340,0.0171,28.7953
341,0.0171,28.8188
342,0.0172,28.8422
343,0.0173,28.8657
344,0.0173,28.8891
345,0.0174,28.9126
346,0.0174,28.936
347,0.0175,28.9594
348,0.0175,28.9828
349,0.0176,29.0061
350,0.0176,29.0295
351,0.0177,29.0528
352,0.0177,29.0761
353,0.0178,29.0994
354,0.0178,29.1227
355,0.0179,29.146
356,0.0179,29.1693
357,0.018,29.1925
358,0.018,29.2157
359,0.0181,29.239
360,0.0181,29.2622
361,0.0182,29.2854
362,0.0182,29.3085
363,0.0183,29.3317
364,0.0183,29.3548
365,0.0184,29.378
366,0.0184,29.4011
367,0.0185,29.4242
368,0.0185,29.4473
369,0.0186,29.4703
370,0.0186,29.4934
371,0.0187,29.5164
372,0.0187,29.5395
373,0.0188,29.5625
374,0.0189,29.5855
375,0.0189,29.6085
376,0.019,29.6314
377,0.019,29.6544
378,0.0191,29.6773
379,0.0191,29.7002
380,0.0192,29.7232
381,0.0192,29.746
382,0.0193,29.7689
383,0.0193,29.7918
384,0.0194,29.8146
385,0.0194,29.8375
386,0.0195,29.8603
387,0.0195,29.8831
388,0.0196,29.9059
389,0.0196,29.9287
390,0.0197,29.9515
391,0.0197,29.9742
392,0.0198,29.9969
393,0.0198,30.0197
394,0.0199,30.0424
395,0.0199,30.0651
396,0.02,30.0878
397,0.02,30.1104
398,0.0201,30.1331
399,0.0202,30.1557
400,0.0202,30.1783
401,0.0203,30.2009
402,0.0203,30.2235
403,0.0204,30.2461
404,0.0204,30.2687
405,0.0205,30.2912
406,0.0205,30.3138
407,0.0206,30.3363
408,0.0206,30.3588
409,0.0207,30.3813
410,0.0207,30.4038
411,0.0208,30.4262
412,0.0208,30.4487
413,0.0209,30.4711
414,0.0209,30.4935
415,0.021,30.5159
416,0.021,30.5383
417,0.0211,30.5607
418,0.0211,30.5831
419,0.0212,30.6054
420,0.0212,30.6278
421,0.0213,30.6501
422,0.0214,30.6724
423,0.0214,30.6947
424,0.0215,30.717
425,0.0215,30.7392
426,0.0216,30.7615
427,0.0216,30.7837
428,0.0217,30.806
429,0.0217,30.8282
430,0.0218,30.8504
431,0.0218,30.8725
432,0.0219,30.8947
433,0.0219,30.9169
434,0.022,30.939
435,0.022,30.9611
436,0.0221,30.9832
437,0.0221,31.0053
438,0.0222,31.0274
439,0.0222,31.0495
440,0.0223,31.0716
441,0.0223,31.0936
442,0.0224,31.1156
443,0.0225,31.1376
444,0.0225,31.1596
445,0.0226,31.1816
446,0.0226,31.2036
447,0.0227,31.2256
448,0.0227,31.2475
449,0.0228,31.2694
450,0.0228,31.2914
451,0.0229,31.3133
452,0.0229,31.3352
453,0.023,31.357
454,0.023,31.3789
455,0.0231,31.4007
456,0.0231,31.4226
457,0.0232,31.4444
458,0.0232,31.4662
459,0.0233,31.488
460,0.0233,31.5098
461,0.0234,31.5315
462,0.0234,31.5533
463,0.0235,31.575
464,0.0236,31.5968
465,0.0236,31.6185
466,0.0237,31.6402
467,0.0237,31.6619
468,0.0238,31.6835
469,0.0238,31.7052
470,0.0239,31.7268
471,0.0239,31.7485
472,0.024,31.7701
473,0.024,31.7917
474,0.0241,31.8133
475,0.0241,31.8348
476,0.0242,31.8564
477,0.0242,31.878
478,0.0243,31.8995
479,0.0243,31.921
480,0.0244,31.9425
481,0.0244,31.964
482,0.0245,31.9855
483,0.0246,32.007
484,0.0246,32.0284
485,0.0247,32.0499
486,0.0247,32.0713
487,0.0248,32.0927
488,0.0248,32.1141
489,0.0249,32.1355
490,0.0249,32.1568
491,0.025,32.1782
492,0.025,32.1996
493,0.0251,32.2209
494,0.0251,32.2422
495,0.0252,32.2635
496,0.0252,32.2848
497,0.0253,32.3061
498,0.0253,32.3273
499,0.0254,32.3486
500,0.0255,32.3698
501,0.0255,32.3911
502,0.0256,32.4123
503,0.0256,32.4335
504,0.0257,32.4547
505,0.0257,32.4758
506,0.0258,32.497
507,0.0258,32.5181
508,0.0259,32.5393
509,0.0259,32.5604
510,0.026,32.5815
511,0.026,32.6026
512,0.0261,32.6237
513,0.0261,32.6447
514,0.0262,32.6658
515,0.0262,32.6868
516,0.0263,32.7079
517,0.0264,32.7289
518,0.0264,32.7499
519,0.0265,32.7709
520,0.0265,32.7918
521,0.0266,32.8128
522,0.0266,32.8337
523,0.0267,32.8547
524,0.0267,32.8756
525,0.0268,32.8965
526,0.0268,32.9174
527,0.0269,32.9383
528,0.0269,32.9591
529,0.027,32.98
530,0.027,33.0008
531,0.0271,33.0217
532,0.0272,33.0425
533,0.0272,33.0633
534,0.0273,33.0841
535,0.0273,33.1049
536,0.0274,33.1256
537,0.0274,33.1464
538,0.0275,33.1671
539,0.0275,33.1878
540,0.0276,33.2086
541,0.0276,33.2293
542,0.0277,33.2499
543,0.0277,33.2706
544,0.0278,33.2913
545,0.0278,33.3119
546,0.0279,33.3326
547,0.028,33.3532
548,0.028,33.3738
549,0.0281,33.3944
550,0.0281,33.415
551,0.0282,33.4356
552,0.0282,33.4561
553,0.0283,33.4767
554,0.0283,33.4972
555,0.0284,33.5177
556,0.0284,33.5382
557,0.0285,33.5587
558,0.0285,33.5792
559,0.0286,33.5997
560,0.0286,33.6201
561,0.0287,33.6406
562,0.0288,33.661
563,0.0288,33.6814
564,0.0289,33.7018
565,0.0289,33.7222
566,0.029,33.7426
567,0.029,33.7629
568,0.0291,33.7833
569,0.0291,33.8036
570,0.0292,33.824
571,0.0292,33.8443
572,0.0293,33.8646
573,0.0293,33.8849
574,0.0294,33.9052
575,0.0294,33.9254
576,0.0295,33.9457
577,0.0296,33.9659
578,0.0296,33.9861
579,0.0297,34.0064
580,0.0297,34.0266
581,0.0298,34.0467
582,0.0298,34.0669
583,0.0299,34.0871
584,0.0299,34.1072
585,0.03,34.1274
586,0.03,34.1475
587,0.0301,34.1676
588,0.0301,34.1877
589,0.0302,34.2078
590,0.0303,34.2279
591,0.0303,34.2479
592,0.0304,34.268
593,0.0304,34.288
594,0.0305,34.3081
595,0.0305,34.3281
596,0.0306,34.3481
597,0.0306,34.3681
598,0.0307,34.388
599,0.0307,34.408
600,0.0308,34.428
601,0.0308,34.4479
602,0.0309,34.4678
603,0.031,34.4877
604,0.031,34.5076
605,0.0311,34.5275
606,0.0311,34.5474
607,0.0312,34.5673
608,0.0312,34.5871
609,0.0313,34.607
610,0.0313,34.6268
611,0.0314,34.6466
612,0.0314,34.6664
613,0.0315,34.6862
614,0.0315,34.706
615,0.0316,34.7258
616,0.0317,34.7455
617,0.0317,34.7652
618,0.0318,34.785
619,0.0318,34.8047
620,0.0319,34.8244
621,0.0319,34.8441
622,0.032,34.8638
623,0.032,34.8834
624,0.0321,34.9031
625,0.0321,34.9227
626,0.0322,34.9424
627,0.0322,34.962
628,0.0323,34.9816
629,0.0324,35.0012
630,0.0324,35.0208
631,0.0325,35.0404
632,0.0325,35.0599
633,0.0326,35.0795
634,0.0326,35.099
635,0.0327,35.1185
636,0.0327,35.138
637,0.0328,35.1575
638,0.0328,35.177
639,0.0329,35.1965
640,0.0329,35.216
641,0.033,35.2354
642,0.0331,35.2548
643,0.0331,35.2743
644,0.0332,35.2937
645,0.0332,35.3131
646,0.0333,35.3325
647,0.0333,35.3519
648,0.0334,35.3712
649,0.0334,35.3906
650,0.0335,35.4099
651,0.0335,35.4292
652,0.0336,35.4486
653,0.0337,35.4679
654,0.0337,35.4872
655,0.0338,35.5064
656,0.0338,35.5257
657,0.0339,35.545
658,0.0339,35.5642
659,0.034,35.5835
660,0.034,35.6027
661,0.0341,35.6219
662,0.0341,35.6411
663,0.0342,35.6603
664,0.0342,35.6795
665,0.0343,35.6986
666,0.0344,35.7178
667,0.0344,35.7369
668,0.0345,35.756
669,0.0345,35.7752
670,0.0346,35.7943
671,0.0346,35.8134
672,0.0347,35.8324
673,0.0347,35.8515
674,0.0348,35.8706
675,0.0348,35.8896
676,0.0349,35.9086
677,0.035,35.9277
678,0.035,35.9467
679,0.0351,35.9657
680,0.0351,35.9847
681,0.0352,36.0036
682,0.0352,36.0226
683,0.0353,36.0415
684,0.0353,36.0605
685,0.0354,36.0794
686,0.0354,36.0983
687,0.0355,36.1172
688,0.0356,36.1361
689,0.0356,36.155
690,0.0357,36.1739
691,0.0357,36.1927
692,0.0358,36.2116
693,0.0358,36.2304
694,0.0359,36.2492
695,0.0359,36.2681
696,0.036,36.2869
697,0.036,36.3056
698,0.0361,36.3244
699,0.0362,36.3432
700,0.0362,36.3619
701,0.0363,36.3807
702,0.0363,36.3994
703,0.0364,36.4181
704,0.0364,36.4368
705,0.0365,36.4555
706,0.0365,36.4742
707,0.0366,36.4929
708,0.0366,36.5116
709,0.0367,36.5302
710,0.0368,36.5489
711,0.0368,36.5675
712,0.0369,36.5861
713,0.0369,36.6047
714,0.037,36.6233
715,0.037,36.6419
716,0.0371,36.6604
717,0.0371,36.679
718,0.0372,36.6976
719,0.0372,36.7161
720,0.0373,36.7346
721,0.0374,36.7531
722,0.0374,36.7716
723,0.0375,36.7901
724,0.0375,36.8086
725,0.0376,36.8271
726,0.0376,36.8455
727,0.0377,36.864
728,0.0377,36.8824
729,0.0378,36.9008
730,0.0378,36.9192
731,0.0379,36.9376
732,0.038,36.956
733,0.038,36.9744
734,0.0381,36.9928
735,0.0381,37.0111
736,0.0382,37.0295
737,0.0382,37.0478
738,0.0383,37.0661
739,0.0383,37.0844
740,0.0384,37.1027
741,0.0384,37.121
742,0.0385,37.1393
743,0.0386,37.1576
744,0.0386,37.1758
745,0.0387,37.1941
746,0.0387,37.2123
747,0.0388,37.2305
748,0.0388,37.2487
749,0.0389,37.2669
750,0.0389,37.2851
751,0.039,37.3033
752,0.0391,37.3214
753,0.0391,37.3396
754,0.0392,37.3577
755,0.0392,37.3759
756,0.0393,37.394
757,0.0393,37.4121
758,0.0394,37.4302
759,0.0394,37.4483
760,0.0395,37.4664
761,0.0395,37.4844
762,0.0396,37.5025
763,0.0397,37.5205
764,0.0397,37.5386
765,0.0398,37.5566
766,0.0398,37.5746
767,0.0399,37.5926
768,0.0399,37.6106
769,0.04,37.6286
770,0.04,37.6465
771,0.0401,37.6645
772,0.0401,37.6824
773,0.0402,37.7003
774,0.0403,37.7183
775,0.0403,37.7362
776,0.0404,37.7541
777,0.0404,37.772
778,0.0405,37.7898
779,0.0405,37.8077
780,0.0406,37.8256
781,0.0406,37.8434
782,0.0407,37.8613
783,0.0408,37.8791
784,0.0408,37.8969
785,0.0409,37.9147
786,0.0409,37.9325
787,0.041,37.9503
788,0.041,37.968
789,0.0411,37.9858
790,0.0411,38.0035
791,0.0412,38.0213
792,0.0413,38.039
793,0.0413,38.0567
794,0.0414,38.0744
795,0.0414,38.0921
796,0.0415,38.1098
797,0.0415,38.1275
798,0.0416,38.1451
799,0.0416,38.1628
800,0.0417,38.1804
801,0.0417,38.198
802,0.0418,38.2157
803,0.0419,38.2333
804,0.0419,38.2509
805,0.042,38.2685
806,0.042,38.286
807,0.0421,38.3036
808,0.0421,38.3212
809,0.0422,38.3387
810,0.0422,38.3562
811,0.0423,38.3738
812,0.0424,38.3913
813,0.0424,38.4088
814,0.0425,38.4263
815,0.0425,38.4437
816,0.0426,38.4612
817,0.0426,38.4787
818,0.0427,38.4961
819,0.0427,38.5135
820,0.0428,38.531
821,0.0429,38.5484
822,0.0429,38.5658
823,0.043,38.5832
824,0.043,38.6006
825,0.0431,38.6179
826,0.0431,38.6353
827,0.0432,38.6527
828,0.0432,38.67
829,0.0433,38.6873
830,0.0434,38.7047
831,0.0434,38.722
832,0.0435,38.7393
833,0.0435,38.7566
834,0.0436,38.7738
835,0.0436,38.7911
836,0.0437,38.8084
837,0.0437,38.8256
838,0.0438,38.8428
839,0.0439,38.8601
840,0.0439,38.8773
841,0.044,38.8945
842,0.044,38.9117
843,0.0441,38.9289
844,0.0441,38.946
845,0.0442,38.9632
846,0.0442,38.9804
847,0.0443,38.9975
848,0.0444,39.0146
849,0.0444,39.0318
850,0.0445,39.0489
851,0.0445,39.066
852,0.0446,39.0831
853,0.0446,39.1001
854,0.0447,39.1172
855,0.0447,39.1343
856,0.0448,39.1513
857,0.0449,39.1684
858,0.0449,39.1854
859,0.045,39.2024
860,0.045,39.2194
861,0.0451,39.2364
862,0.0451,39.2534
863,0.0452,39.2704
864,0.0452,39.2874
865,0.0453,39.3043
866,0.0454,39.3213
867,0.0454,39.3382
868,0.0455,39.3551
869,0.0455,39.372
870,0.0456,39.3889
871,0.0456,39.4058
872,0.0457,39.4227
873,0.0457,39.4396
874,0.0458,39.4565
875,0.0459,39.4733
876,0.0459,39.4902
877,0.046,39.507
878,0.046,39.5238
879,0.0461,39.5406
880,0.0461,39.5574
881,0.0462,39.5742
882,0.0462,39.591
883,0.0463,39.6078
884,0.0464,39.6246
885,0.0464,39.6413
886,0.0465,39.6581
887,0.0465,39.6748
888,0.0466,39.6915
889,0.0466,39.7082
890,0.0467,39.7249
891,0.0467,39.7416
892,0.0468,39.7583
893,0.0469,39.775
894,0.0469,39.7916
895,0.047,39.8083
896,0.047,39.8249
897,0.0471,39.8416
898,0.0471,39.8582
899,0.0472,39.8748
900,0.0472,39.8914
901,0.0473,39.908
902,0.0474,39.9246
903,0.0474,39.9412
904,0.0475,39.9577
905,0.0475,39.9743
906,0.0476,39.9908
907,0.0476,40.0074
908,0.0477,40.0239
909,0.0477,40.0404
910,0.0478,40.0569
911,0.0479,40.0734
912,0.0479,40.0899
913,0.048,40.1063
914,0.048,40.1228
915,0.0481,40.1393
916,0.0481,40.1557
917,0.0482,40.1721
918,0.0483,40.1886
919,0.0483,40.205
920,0.0484,40.2214
921,0.0484,40.2378
922,0.0485,40.2542
923,0.0485,40.2705
924,0.0486,40.2869
925,0.0486,40.3033
926,0.0487,40.3196
927,0.0488,40.3359
928,0.0488,40.3523
929,0.0489,40.3686
930,0.0489,40.3849
931,0.049,40.4012
932,0.049,40.4175
933,0.0491,40.4337
934,0.0491,40.45
935,0.0492,40.4663
936,0.0493,40.4825
937,0.0493,40.4988
938,0.0494,40.515
939,0.0494,40.5312
940,0.0495,40.5474
941,0.0495,40.5636
942,0.0496,40.5798
943,0.0497,40.596
944,0.0497,40.6121
945,0.0498,40.6283
946,0.0498,40.6445
947,0.0499,40.6606
948,0.0499,40.6767
949,0.05,40.6929
950,0.05,40.709
951,0.0501,40.7251
952,0.0502,40.7412
953,0.0502,40.7572
954,0.0503,40.7733
955,0.0503,40.7894
956,0.0504,40.8054
957,0.0504,40.8215
958,0.0505,40.8375
959,0.0506,40.8535
960,0.0506,40.8695
961,0.0507,40.8856
962,0.0507,40.9016
963,0.0508,40.9175
964,0.0508,40.9335
965,0.0509,40.9495
966,0.0509,40.9654
967,0.051,40.9814
968,0.0511,40.9973
969,0.0511,41.0133
970,0.0512,41.0292
971,0.0512,41.0451
972,0.0513,41.061
973,0.0513,41.0769
974,0.0514,41.0928
975,0.0515,41.1086
976,0.0515,41.1245
977,0.0516,41.1404
978,0.0516,41.1562
979,0.0517,41.172
980,0.0517,41.1879
981,0.0518,41.2037
982,0.0518,41.2195
983,0.0519,41.2353
984,0.052,41.2511
985,0.052,41.2668
986,0.0521,41.2826
987,0.0521,41.2984
988,0.0522,41.3141
989,0.0522,41.3299
990,0.0523,41.3456
991,0.0524,41.3613
992,0.0524,41.377
993,0.0525,41.3927
994,0.0525,41.4084
995,0.0526,41.4241
996,0.0526,41.4398
997,0.0527,41.4555
998,0.0527,41.4711
999,0.0528,41.4868
1000,0.0529,41.5024
1001,0.0529,41.518
1002,0.053,41.5336
1003,0.053,41.5493
1004,0.0531,41.5649
1005,0.0531,41.5804
1006,0.0532,41.596
1007,0.0533,41.6116
1008,0.0533,41.6272
1009,0.0534,41.6427
1010,0.0534,41.6583
1011,0.0535,41.6738
1012,0.0535,41.6893
1013,0.0536,41.7048
1014,0.0537,41.7204
1015,0.0537,41.7359
1016,0.0538,41.7513
1017,0.0538,41.7668
1018,0.0539,41.7823
1019,0.0539,41.7978
1020,0.054,41.8132
1021,0.054,41.8287
1022,0.0541,41.8441
1023,0.0542,41.8595
1024,0.0542,41.8749
1025,0.0543,41.8903
1026,0.0543,41.9057
1027,0.0544,41.9211
1028,0.0544,41.9365
1029,0.0545,41.9519
1030,0.0546,41.9672
1031,0.0546,41.9826
1032,0.0547,41.9979
1033,0.0547,42.0133
1034,0.0548,42.0286
1035,0.0548,42.0439
1036,0.0549,42.0592
1037,0.055,42.0745
1038,0.055,42.0898
1039,0.0551,42.1051
1040,0.0551,42.1204
1041,0.0552,42.1356
1042,0.0552,42.1509
1043,0.0553,42.1661
1044,0.0553,42.1813
1045,0.0554,42.1966
1046,0.0555,42.2118
1047,0.0555,42.227
1048,0.0556,42.2422
1049,0.0556,42.2574
1050,0.0557,42.2726
1051,0.0557,42.2877
1052,0.0558,42.3029
1053,0.0559,42.3181
1054,0.0559,42.3332
1055,0.056,42.3483
1056,0.056,42.3635
1057,0.0561,42.3786
1058,0.0561,42.3937
1059,0.0562,42.4088
1060,0.0563,42.4239
1061,0.0563,42.439
1062,0.0564,42.454
1063,0.0564,42.4691
1064,0.0565,42.4842
1065,0.0565,42.4992
1066,0.0566,42.5142
1067,0.0567,42.5293
1068,0.0567,42.5443
1069,0.0568,42.5593
1070,0.0568,42.5743
1071,0.0569,42.5893
1072,0.0569,42.6043
1073,0.057,42.6193
1074,0.0571,42.6342
1075,0.0571,42.6492
1076,0.0572,42.6641
1077,0.0572,42.6791
1078,0.0573,42.694
1079,0.0573,42.7089
1080,0.0574,42.7238
1081,0.0575,42.7388
1082,0.0575,42.7536
1083,0.0576,42.7685
1084,0.0576,42.7834
1085,0.0577,42.7983
1086,0.0577,42.8131
1087,0.0578,42.828
1088,0.0578,42.8428
1089,0.0579,42.8577
1090,0.058,42.8725
1091,0.058,42.8873
1092,0.0581,42.9021
1093,0.0581,42.9169
1094,0.0582,42.9317
1095,0.0582,42.9465
1096,0.0583,42.9613
1097,0.0584,42.9761
1098,0.0584,42.9908
1099,0.0585,43.0056
1100,0.0585,43.0203
1101,0.0586,43.035
1102,0.0586,43.0498
1103,0.0587,43.0645
1104,0.0588,43.0792
1105,0.0588,43.0939
1106,0.0589,43.1086
1107,0.0589,43.1232
1108,0.059,43.1379
1109,0.059,43.1526
1110,0.0591,43.1672
1111,0.0592,43.1819
1112,0.0592,43.1965
1113,0.0593,43.2111
1114,0.0593,43.2257
1115,0.0594,43.2404
1116,0.0594,43.255
1117,0.0595,43.2696
1118,0.0596,43.2841
1119,0.0596,43.2987
1120,0.0597,43.3133
1121,0.0597,43.3278
1122,0.0598,43.3424
1123,0.0598,43.3569
1124,0.0599,43.3715
1125,0.06,43.386
1126,0.06,43.4005
1127,0.0601,43.415
1128,0.0601,43.4295
1129,0.0602,43.444
1130,0.0602,43.4585
1131,0.0603,43.473
1132,0.0604,43.4874
1133,0.0604,43.5019
1134,0.0605,43.5163
1135,0.0605,43.5308
1136,0.0606,43.5452
1137,0.0606,43.5596
1138,0.0607,43.574
1139,0.0608,43.5885
1140,0.0608,43.6029
1141,0.0609,43.6172
1142,0.0609,43.6316
1143,0.061,43.646
1144,0.061,43.6604
1145,0.0611,43.6747
1146,0.0612,43.6891
1147,0.0612,43.7034
1148,0.0613,43.7177
1149,0.0613,43.7321
1150,0.0614,43.7464
1151,0.0614,43.7607
1152,0.0615,43.775
1153,0.0616,43.7893
1154,0.0616,43.8035
1155,0.0617,43.8178
1156,0.0617,43.8321
1157,0.0618,43.8463
1158,0.0618,43.8606
1159,0.0619,43.8748
1160,0.062,43.8891
1161,0.062,43.9033
1162,0.0621,43.9175
1163,0.0621,43.9317
1164,0.0622,43.9459
1165,0.0622,43.9601
1166,0.0623,43.9743
1167,0.0624,43.9884
1168,0.0624,44.0026
1169,0.0625,44.0168
1170,0.0625,44.0309
1171,0.0626,44.0451
1172,0.0626,44.0592
1173,0.0627,44.0733
1174,0.0628,44.0874
1175,0.0628,44.1015
1176,0.0629,44.1156
1177,0.0629,44.1297
1178,0.063,44.1438
1179,0.063,44.1579
1180,0.0631,44.1719
1181,0.0632,44.186
1182,0.0632,44.2001
1183,0.0633,44.2141
1184,0.0633,44.2281
1185,0.0634,44.2422
1186,0.0634,44.2562
1187,0.0635,44.2702
1188,0.0636,44.2842
1189,0.0636,44.2982
1190,0.0637,44.3122
1191,0.0637,44.3261
1192,0.0638,44.3401
1193,0.0639,44.3541
1194,0.0639,44.368
1195,0.064,44.382
1196,0.064,44.3959
1197,0.0641,44.4098
1198,0.0641,44.4237
1199,0.0642,44.4377
1200,0.0643,44.4516
1201,0.0643,44.4655
1202,0.0644,44.4793
1203,0.0644,44.4932
1204,0.0645,44.5071
1205,0.0645,44.521
1206,0.0646,44.5348
1207,0.0647,44.5487
1208,0.0647,44.5625
1209,0.0648,44.5763
1210,0.0648,44.5902
1211,0.0649,44.604
1212,0.0649,44.6178
1213,0.065,44.6316
1214,0.0651,44.6454
1215,0.0651,44.6592
1216,0.0652,44.6729
1217,0.0652,44.6867
1218,0.0653,44.7005
1219,0.0653,44.7142
1220,0.0654,44.728
1221,0.0655,44.7417
1222,0.0655,44.7554
1223,0.0656,44.7691
1224,0.0656,44.7829
1225,0.0657,44.7966
1226,0.0657,44.8103
1227,0.0658,44.8239
1228,0.0659,44.8376
1229,0.0659,44.8513
1230,0.066,44.865
1231,0.066,44.8786
1232,0.0661,44.8923
1233,0.0662,44.9059
1234,0.0662,44.9195
1235,0.0663,44.9332
1236,0.0663,44.9468
1237,0.0664,44.9604
1238,0.0664,44.974
1239,0.0665,44.9876
1240,0.0666,45.0012
1241,0.0666,45.0147
1242,0.0667,45.0283
1243,0.0667,45.0419
1244,0.0668,45.0554
1245,0.0668,45.069
1246,0.0669,45.0825
1247,0.067,45.0961
1248,0.067,45.1096
1249,0.0671,45.1231
1250,0.0671,45.1366
1251,0.0672,45.1501
1252,0.0672,45.1636
1253,0.0673,45.1771
1254,0.0674,45.1906
1255,0.0674,45.204
1256,0.0675,45.2175
1257,0.0675,45.2309
1258,0.0676,45.2444
1259,0.0677,45.2578
1260,0.0677,45.2713
1261,0.0678,45.2847
1262,0.0678,45.2981
1263,0.0679,45.3115
1264,0.0679,45.3249
1265,0.068,45.3383
1266,0.0681,45.3517
1267,0.0681,45.365
1268,0.0682,45.3784
1269,0.0682,45.3918
1270,0.0683,45.4051
1271,0.0683,45.4185
1272,0.0684,45.4318
1273,0.0685,45.4451
1274,0.0685,45.4585
1275,0.0686,45.4718
1276,0.0686,45.4851
1277,0.0687,45.4984
1278,0.0688,45.5117
1279,0.0688,45.525
1280,0.0689,45.5382
1281,0.0689,45.5515
1282,0.069,45.5648
1283,0.069,45.578
1284,0.0691,45.5913
1285,0.0692,45.6045
1286,0.0692,45.6177
1287,0.0693,45.631
1288,0.0693,45.6442
1289,0.0694,45.6574
1290,0.0694,45.6706
1291,0.0695,45.6838
1292,0.0696,45.697
1293,0.0696,45.7101
1294,0.0697,45.7233
1295,0.0697,45.7365
1296,0.0698,45.7496
1297,0.0698,45.7628
1298,0.0699,45.7759
1299,0.07,45.7891
1300,0.07,45.8022
1301,0.0701,45.8153
1302,0.0701,45.8284
1303,0.0702,45.8415
1304,0.0703,45.8546
1305,0.0703,45.8677
1306,0.0704,45.8808
1307,0.0704,45.8939
1308,0.0705,45.9069
1309,0.0705,45.92
1310,0.0706,45.933
1311,0.0707,45.9461
1312,0.0707,45.9591
1313,0.0708,45.9721
1314,0.0708,45.9852
1315,0.0709,45.9982
1316,0.071,46.0112
1317,0.071,46.0242
1318,0.0711,46.0372
1319,0.0711,46.0502
1320,0.0712,46.0631
1321,0.0712,46.0761
1322,0.0713,46.0891
1323,0.0714,46.102
1324,0.0714,46.115
1325,0.0715,46.1279
1326,0.0715,46.1408
1327,0.0716,46.1538
1328,0.0716,46.1667
1329,0.0717,46.1796
1330,0.0718,46.1925
1331,0.0718,46.2054
1332,0.0719,46.2183
1333,0.0719,46.2312
1334,0.072,46.244
1335,0.0721,46.2569
1336,0.0721,46.2697
1337,0.0722,46.2826
1338,0.0722,46.2954
1339,0.0723,46.3083
1340,0.0723,46.3211
1341,0.0724,46.3339
1342,0.0725,46.3467
1343,0.0725,46.3596
1344,0.0726,46.3724
1345,0.0726,46.3851
1346,0.0727,46.3979
1347,0.0728,46.4107
1348,0.0728,46.4235
1349,0.0729,46.4362
1350,0.0729,46.449
1351,0.073,46.4618
1352,0.073,46.4745
1353,0.0731,46.4872
1354,0.0732,46.5
1355,0.0732,46.5127
1356,0.0733,46.5254
1357,0.0733,46.5381
1358,0.0734,46.5508
1359,0.0734,46.5635
1360,0.0735,46.5762
1361,0.0736,46.5889
1362,0.0736,46.6015
1363,0.0737,46.6142
1364,0.0737,46.6268
1365,0.0738,46.6395
1366,0.0739,46.6521
1367,0.0739,46.6648
1368,0.074,46.6774
1369,0.074,46.69
1370,0.0741,46.7026
1371,0.0741,46.7152
1372,0.0742,46.7278
1373,0.0743,46.7404
1374,0.0743,46.753
1375,0.0744,46.7656
1376,0.0744,46.7782
1377,0.0745,46.7907
1378,0.0746,46.8033
1379,0.0746,46.8158
1380,0.0747,46.8284
1381,0.0747,46.8409
1382,0.0748,46.8534
1383,0.0748,46.8659
1384,0.0749,46.8785
1385,0.075,46.891
1386,0.075,46.9035
1387,0.0751,46.916
1388,0.0751,46.9284
1389,0.0752,46.9409
1390,0.0753,46.9534
1391,0.0753,46.9659
1392,0.0754,46.9783
1393,0.0754,46.9908
1394,0.0755,47.0032
1395,0.0755,47.0156
1396,0.0756,47.0281
1397,0.0757,47.0405
1398,0.0757,47.0529
1399,0.0758,47.0653
1400,0.0758,47.0777
1401,0.0759,47.0901
1402,0.076,47.1025
1403,0.076,47.1149
1404,0.0761,47.1272
1405,0.0761,47.1396
1406,0.0762,47.152
1407,0.0762,47.1643
1408,0.0763,47.1767
1409,0.0764,47.189
1410,0.0764,47.2013
1411,0.0765,47.2137
1412,0.0765,47.226
1413,0.0766,47.2383
1414,0.0767,47.2506
1415,0.0767,47.2629
1416,0.0768,47.2752
1417,0.0768,47.2875
1418,0.0769,47.2997
1419,0.0769,47.312
1420,0.077,47.3243
1421,0.0771,47.3365
1422,0.0771,47.3488
1423,0.0772,47.361
1424,0.0772,47.3732
1425,0.0773,47.3855
1426,0.0774,47.3977
1427,0.0774,47.4099
1428,0.0775,47.4221
1429,0.0775,47.4343
1430,0.0776,47.4465
1431,0.0776,47.4587
1432,0.0777,47.4709
1433,0.0778,47.483
1434,0.0778,47.4952
1435,0.0779,47.5074
1436,0.0779,47.5195
1437,0.078,47.5317
1438,0.0781,47.5438
1439,0.0781,47.5559
1440,0.0782,47.5681
1441,0.0782,47.5802
1442,0.0783,47.5923
1443,0.0783,47.6044
1444,0.0784,47.6165
1445,0.0785,47.6286
1446,0.0785,47.6407
1447,0.0786,47.6528
1448,0.0786,47.6648
1449,0.0787,47.6769
1450,0.0788,47.6889
1451,0.0788,47.701
1452,0.0789,47.713
1453,0.0789,47.7251
1454,0.079,47.7371
1455,0.0791,47.7491
1456,0.0791,47.7611
1457,0.0792,47.7732
1458,0.0792,47.7852
1459,0.0793,47.7972
1460,0.0793,47.8091
1461,0.0794,47.8211
1462,0.0795,47.8331
1463,0.0795,47.8451
1464,0.0796,47.857
1465,0.0796,47.869
1466,0.0797,47.8809
1467,0.0798,47.8929
1468,0.0798,47.9048
1469,0.0799,47.9168
1470,0.0799,47.9287
1471,0.08,47.9406
1472,0.08,47.9525
1473,0.0801,47.9644
1474,0.0802,47.9763
1475,0.0802,47.9882
1476,0.0803,48.0001
1477,0.0803,48.012
1478,0.0804,48.0238
1479,0.0805,48.0357
1480,0.0805,48.0475
1481,0.0806,48.0594
1482,0.0806,48.0712
1483,0.0807,48.0831
1484,0.0807,48.0949
1485,0.0808,48.1067
1486,0.0809,48.1186
1487,0.0809,48.1304
1488,0.081,48.1422
1489,0.081,48.154
1490,0.0811,48.1658
1491,0.0812,48.1775
1492,0.0812,48.1893
1493,0.0813,48.2011
1494,0.0813,48.2129
1495,0.0814,48.2246
1496,0.0815,48.2364
1497,0.0815,48.2481
1498,0.0816,48.2598
1499,0.0816,48.2716
1500,0.0817,48.2833
1501,0.0817,48.295
1502,0.0818,48.3067
1503,0.0819,48.3184
1504,0.0819,48.3301
1505,0.082,48.3418
1506,0.082,48.3535
1507,0.0821,48.3652
1508,0.0822,48.3769
1509,0.0822,48.3885
1510,0.0823,48.4002
1511,0.0823,48.4119
1512,0.0824,48.4235
1513,0.0825,48.4352
1514,0.0825,48.4468
1515,0.0826,48.4584
1516,0.0826,48.47
1517,0.0827,48.4817
1518,0.0827,48.4933
1519,0.0828,48.5049
1520,0.0829,48.5165
1521,0.0829,48.5281
1522,0.083,48.5396
1523,0.083,48.5512
1524,0.0831,48.5628
1525,0.0832,48.5743
1526,0.0832,48.5859
1527,0.0833,48.5975
1528,0.0833,48.609
1529,0.0834,48.6205
1530,0.0835,48.6321
1531,0.0835,48.6436
1532,0.0836,48.6551
1533,0.0836,48.6666
1534,0.0837,48.6781
1535,0.0837,48.6896
1536,0.0838,48.7011
1537,0.0839,48.7126
1538,0.0839,48.7241
1539,0.084,48.7356
1540,0.084,48.747
1541,0.0841,48.7585
1542,0.0842,48.77
1543,0.0842,48.7814
1544,0.0843,48.7929
1545,0.0843,48.8043
1546,0.0844,48.8157
1547,0.0845,48.8272
1548,0.0845,48.8386
1549,0.0846,48.85
1550,0.0846,48.8614
1551,0.0847,48.8728
1552,0.0847,48.8842
1553,0.0848,48.8956
1554,0.0849,48.9069
1555,0.0849,48.9183
1556,0.085,48.9297
1557,0.085,48.9411
1558,0.0851,48.9524
1559,0.0852,48.9638
1560,0.0852,48.9751
1561,0.0853,48.9864
1562,0.0853,48.9978
1563,0.0854,49.0091
1564,0.0855,49.0204
1565,0.0855,49.0317
1566,0.0856,49.043
1567,0.0856,49.0543
1568,0.0857,49.0656
1569,0.0857,49.0769
1570,0.0858,49.0882
1571,0.0859,49.0995
1572,0.0859,49.1107
1573,0.086,49.122
1574,0.086,49.1333
1575,0.0861,49.1445
1576,0.0862,49.1557
1577,0.0862,49.167
1578,0.0863,49.1782
1579,0.0863,49.1894
1580,0.0864,49.2007
1581,0.0865,49.2119
1582,0.0865,49.2231
1583,0.0866,49.2343
1584,0.0866,49.2455
1585,0.0867,49.2567
1586,0.0868,49.2678
1587,0.0868,49.279
1588,0.0869,49.2902
1589,0.0869,49.3014
1590,0.087,49.3125
1591,0.087,49.3237
1592,0.0871,49.3348
1593,0.0872,49.3459
1594,0.0872,49.3571
1595,0.0873,49.3682
1596,0.0873,49.3793
1597,0.0874,49.3904
1598,0.0875,49.4016
1599,0.0875,49.4127
1600,0.0876,49.4238
1601,0.0876,49.4348
1602,0.0877,49.4459
1603,0.0878,49.457
1604,0.0878,49.4681
1605,0.0879,49.4791
1606,0.0879,49.4902
1607,0.088,49.5013
1608,0.0881,49.5123
1609,0.0881,49.5234
1610,0.0882,49.5344
1611,0.0882,49.5454
1612,0.0883,49.5564
1613,0.0883,49.5675
1614,0.0884,49.5785
1615,0.0885,49.5895
1616,0.0885,49.6005
1617,0.0886,49.6115
1618,0.0886,49.6225
1619,0.0887,49.6334
1620,0.0888,49.6444
1621,0.0888,49.6554
1622,0.0889,49.6664
1623,0.0889,49.6773
1624,0.089,49.6883
1625,0.0891,49.6992
1626,0.0891,49.7102
1627,0.0892,49.7211
1628,0.0892,49.732
1629,0.0893,49.7429
1630,0.0894,49.7539
1631,0.0894,49.7648
1632,0.0895,49.7757
1633,0.0895,49.7866
1634,0.0896,49.7975
1635,0.0896,49.8083
1636,0.0897,49.8192
1637,0.0898,49.8301
1638,0.0898,49.841
1639,0.0899,49.8518
1640,0.0899,49.8627
1641,0.09,49.8735
1642,0.0901,49.8844
1643,0.0901,49.8952
1644,0.0902,49.9061
1645,0.0902,49.9169
1646,0.0903,49.9277
1647,0.0904,49.9385
1648,0.0904,49.9493
1649,0.0905,49.9601
1650,0.0905,49.9709
1651,0.0906,49.9817
1652,0.0907,49.9925
1653,0.0907,50.0033
1654,0.0908,50.0141
1655,0.0908,50.0248
1656,0.0909,50.0356
1657,0.0909,50.0464
1658,0.091,50.0571
1659,0.0911,50.0679
1660,0.0911,50.0786
1661,0.0912,50.0893
1662,0.0912,50.1001
1663,0.0913,50.1108
1664,0.0914,50.1215
1665,0.0914,50.1322
1666,0.0915,50.1429
1667,0.0915,50.1536
1668,0.0916,50.1643
1669,0.0917,50.175
1670,0.0917,50.1857
1671,0.0918,50.1964
1672,0.0918,50.207
1673,0.0919,50.2177
1674,0.092,50.2284
1675,0.092,50.239
1676,0.0921,50.2497
1677,0.0921,50.2603
1678,0.0922,50.2709
1679,0.0923,50.2816
1680,0.0923,50.2922
1681,0.0924,50.3028
1682,0.0924,50.3134
1683,0.0925,50.324
1684,0.0926,50.3346
1685,0.0926,50.3452
1686,0.0927,50.3558
1687,0.0927,50.3664
1688,0.0928,50.377
1689,0.0928,50.3876
1690,0.0929,50.3981
1691,0.093,50.4087
1692,0.093,50.4192
1693,0.0931,50.4298
1694,0.0931,50.4403
1695,0.0932,50.4509
1696,0.0933,50.4614
1697,0.0933,50.4719
1698,0.0934,50.4825
1699,0.0934,50.493
1700,0.0935,50.5035
1701,0.0936,50.514
1702,0.0936,50.5245
1703,0.0937,50.535
1704,0.0937,50.5455
1705,0.0938,50.556
1706,0.0939,50.5664
1707,0.0939,50.5769
1708,0.094,50.5874
1709,0.094,50.5978
1710,0.0941,50.6083
1711,0.0942,50.6187
1712,0.0942,50.6292
1713,0.0943,50.6396
1714,0.0943,50.65
1715,0.0944,50.6605
1716,0.0945,50.6709
1717,0.0945,50.6813
1718,0.0946,50.6917
1719,0.0946,50.7021
1720,0.0947,50.7125
1721,0.0947,50.7229
1722,0.0948,50.7333
1723,0.0949,50.7437
1724,0.0949,50.7541
1725,0.095,50.7644
1726,0.095,50.7748
1727,0.0951,50.7852
1728,0.0952,50.7955
1729,0.0952,50.8059
1730,0.0953,50.8162
1731,0.0953,50.8265
1732,0.0954,50.8369
1733,0.0955,50.8472
1734,0.0955,50.8575
1735,0.0956,50.8678
1736,0.0956,50.8781
1737,0.0957,50.8884
1738,0.0958,50.8987
1739,0.0958,50.909
1740,0.0959,50.9193
1741,0.0959,50.9296
1742,0.096,50.9399
1743,0.0961,50.9501
1744,0.0961,50.9604
1745,0.0962,50.9707
1746,0.0962,50.9809
1747,0.0963,50.9912
1748,0.0964,51.0014
1749,0.0964,51.0117
1750,0.0965,51.0219
1751,0.0965,51.0321
1752,0.0966,51.0423
1753,0.0967,51.0526
1754,0.0967,51.0628
1755,0.0968,51.073
1756,0.0968,51.0832
1757,0.0969,51.0934
1758,0.0969,51.1036
1759,0.097,51.1137
1760,0.0971,51.1239
1761,0.0971,51.1341
1762,0.0972,51.1443
1763,0.0972,51.1544
1764,0.0973,51.1646
1765,0.0974,51.1747
1766,0.0974,51.1849
1767,0.0975,51.195
1768,0.0975,51.2051
1769,0.0976,51.2153
1770,0.0977,51.2254
1771,0.0977,51.2355
1772,0.0978,51.2456
1773,0.0978,51.2557
1774,0.0979,51.2658
1775,0.098,51.2759
1776,0.098,51.286
1777,0.0981,51.2961
1778,0.0981,51.3062
1779,0.0982,51.3163
1780,0.0983,51.3263
1781,0.0983,51.3364
1782,0.0984,51.3465
1783,0.0984,51.3565
1784,0.0985,51.3666
1785,0.0986,51.3766
1786,0.0986,51.3867
1787,0.0987,51.3967
1788,0.0987,51.4067
1789,0.0988,51.4167
1790,0.0989,51.4268
1791,0.0989,51.4368
1792,0.099,51.4468
1793,0.099,51.4568
1794,0.0991,51.4668
1795,0.0992,51.4768
1796,0.0992,51.4867
1797,0.0993,51.4967
1798,0.0993,51.5067
1799,0.0994,51.5167
1800,0.0995,51.5266
1801,0.0995,51.5366
1802,0.0996,51.5466
1803,0.0996,51.5565
1804,0.0997,51.5664
1805,0.0998,51.5764
1806,0.0998,51.5863
1807,0.0999,51.5962
1808,0.0999,51.6062
1809,0.1,51.6161
1810,0.1001,51.626
1811,0.1001,51.6359
1812,0.1002,51.6458
1813,0.1002,51.6557
1814,0.1003,51.6656
1815,0.1003,51.6755
1816,0.1004,51.6854
1817,0.1005,51.6952
1818,0.1005,51.7051
1819,0.1006,51.715
1820,0.1006,51.7248
1821,0.1007,51.7347
1822,0.1008,51.7445
1823,0.1008,51.7544
1824,0.1009,51.7642
1825,0.1009,51.774
1826,0.101,51.7839
1827,0.1011,51.7937
1828,0.1011,51.8035
1829,0.1012,51.8133
1830,0.1012,51.8231
1831,0.1013,51.8329
1832,0.1014,51.8427
1833,0.1014,51.8525
1834,0.1015,51.8623
1835,0.1015,51.8721
1836,0.1016,51.8819
1837,0.1017,51.8916
1838,0.1017,51.9014
1839,0.1018,51.9112
1840,0.1018,51.9209
1841,0.1019,51.9307
1842,0.102,51.9404
1843,0.102,51.9502
1844,0.1021,51.9599
1845,0.1021,51.9696
1846,0.1022,51.9793
1847,0.1023,51.9891
1848,0.1023,51.9988
1849,0.1024,52.0085
1850,0.1024,52.0182
1851,0.1025,52.0279
1852,0.1026,52.0376
1853,0.1026,52.0473
1854,0.1027,52.057
1855,0.1027,52.0666
1856,0.1028,52.0763
1857,0.1029,52.086
1858,0.1029,52.0957
1859,0.103,52.1053
1860,0.103,52.115
1861,0.1031,52.1246
1862,0.1032,52.1343
1863,0.1032,52.1439
1864,0.1033,52.1535
1865,0.1033,52.1632
1866,0.1034,52.1728
1867,0.1035,52.1824
1868,0.1035,52.192
1869,0.1036,52.2016
1870,0.1036,52.2112
1871,0.1037,52.2208
1872,0.1038,52.2304
1873,0.1038,52.24
1874,0.1039,52.2496
1875,0.1039,52.2592
1876,0.104,52.2687
1877,0.1041,52.2783
1878,0.1041,52.2879
1879,0.1042,52.2974
1880,0.1042,52.307
1881,0.1043,52.3165
1882,0.1044,52.3261
1883,0.1044,52.3356
1884,0.1045,52.3452
1885,0.1045,52.3547
1886,0.1046,52.3642
1887,0.1047,52.3737
1888,0.1047,52.3832
1889,0.1048,52.3928
1890,0.1048,52.4023
1891,0.1049,52.4118
1892,0.105,52.4213
1893,0.105,52.4307
1894,0.1051,52.4402
1895,0.1051,52.4497
1896,0.1052,52.4592
1897,0.1053,52.4686
1898,0.1053,52.4781
1899,0.1054,52.4876
1900,0.1054,52.497
1901,0.1055,52.5065
1902,0.1056,52.5159
1903,0.1056,52.5254
1904,0.1057,52.5348
1905,0.1057,52.5442
1906,0.1058,52.5536
1907,0.1059,52.5631
1908,0.1059,52.5725
1909,0.106,52.5819
1910,0.106,52.5913
1911,0.1061,52.6007
1912,0.1062,52.6101
1913,0.1062,52.6195
1914,0.1063,52.6289
1915,0.1063,52.6383
1916,0.1064,52.6476
1917,0.1065,52.657
1918,0.1065,52.6664
1919,0.1066,52.6757
1920,0.1066,52.6851
1921,0.1067,52.6944
1922,0.1068,52.7038
1923,0.1068,52.7131
1924,0.1069,52.7225
1925,0.1069,52.7318
1926,0.107,52.7411
1927,0.1071,52.7505
1928,0.1071,52.7598
1929,0.1072,52.7691
1930,0.1072,52.7784
1931,0.1073,52.7877
1932,0.1074,52.797
1933,0.1074,52.8063
1934,0.1075,52.8156
1935,0.1075,52.8249
1936,0.1076,52.8341
1937,0.1077,52.8434
1938,0.1077,52.8527
1939,0.1078,52.8619
1940,0.1078,52.8712
1941,0.1079,52.8805
1942,0.108,52.8897
1943,0.108,52.899
1944,0.1081,52.9082
1945,0.1081,52.9174
1946,0.1082,52.9267
1947,0.1083,52.9359
1948,0.1083,52.9451
1949,0.1084,52.9543
1950,0.1084,52.9636
1951,0.1085,52.9728
1952,0.1086,52.982
1953,0.1086,52.9912
1954,0.1087,53.0004
1955,0.1087,53.0095
1956,0.1088,53.0187
1957,0.1089,53.0279
1958,0.1089,53.0371
1959,0.109,53.0463
1960,0.109,53.0554
1961,0.1091,53.0646
1962,0.1092,53.0737
1963,0.1092,53.0829
1964,0.1093,53.092
1965,0.1093,53.1012
1966,0.1094,53.1103
1967,0.1095,53.1194
1968,0.1095,53.1286
1969,0.1096,53.1377
1970,0.1096,53.1468
1971,0.1097,53.1559
1972,0.1098,53.165
1973,0.1098,53.1741
1974,0.1099,53.1832
1975,0.1099,53.1923
1976,0.11,53.2014
1977,0.1101,53.2105
1978,0.1101,53.2196
1979,0.1102,53.2287
1980,0.1102,53.2377
1981,0.1103,53.2468
1982,0.1104,53.2559
1983,0.1104,53.2649
1984,0.1105,53.274
1985,0.1105,53.283
1986,0.1106,53.2921
1987,0.1107,53.3011
1988,0.1107,53.3101
1989,0.1108,53.3192
1990,0.1108,53.3282
1991,0.1109,53.3372
1992,0.111,53.3462
1993,0.111,53.3552
1994,0.1111,53.3643
1995,0.1111,53.3733
1996,0.1112,53.3823
1997,0.1113,53.3912
1998,0.1113,53.4002
1999,0.1114,53.4092
2000,0.1114,53.4182
2001,0.1115,53.4272
2002,0.1116,53.4361
2003,0.1116,53.4451
2004,0.1117,53.4541
2005,0.1117,53.463
2006,0.1118,53.472
2007,0.1119,53.4809
2008,0.1119,53.4899
2009,0.112,53.4988
2010,0.112,53.5077
2011,0.1121,53.5167
2012,0.1122,53.5256
2013,0.1122,53.5345
2014,0.1123,53.5434
2015,0.1123,53.5523
2016,0.1124,53.5612
2017,0.1125,53.5701
2018,0.1125,53.579
2019,0.1126,53.5879
2020,0.1126,53.5968
2021,0.1127,53.6057
2022,0.1128,53.6146
2023,0.1128,53.6235
2024,0.1129,53.6323
2025,0.1129,53.6412
2026,0.113,53.6501
2027,0.1131,53.6589
2028,0.1131,53.6678
2029,0.1132,53.6766
2030,0.1132,53.6855
2031,0.1133,53.6943
2032,0.1134,53.7031
2033,0.1134,53.712
2034,0.1135,53.7208
2035,0.1135,53.7296
2036,0.1136,53.7384
2037,0.1137,53.7472
2038,0.1137,53.756
2039,0.1138,53.7648
2040,0.1138,53.7736
2041,0.1139,53.7824
2042,0.114,53.7912
2043,0.114,53.8
2044,0.1141,53.8088
2045,0.1142,53.8176
2046,0.1142,53.8263
2047,0.1143,53.8351
2048,0.1143,53.8439
2049,0.1144,53.8526
2050,0.1145,53.8614
2051,0.1145,53.8701
2052,0.1146,53.8789
2053,0.1146,53.8876
2054,0.1147,53.8963
2055,0.1148,53.9051
2056,0.1148,53.9138
2057,0.1149,53.9225
2058,0.1149,53.9312
2059,0.115,53.94
2060,0.1151,53.9487
2061,0.1151,53.9574
2062,0.1152,53.9661
2063,0.1152,53.9748
2064,0.1153,53.9835
2065,0.1154,53.9921
2066,0.1154,54.0008
2067,0.1155,54.0095
2068,0.1155,54.0182
2069,0.1156,54.0268
2070,0.1157,54.0355
2071,0.1157,54.0442
2072,0.1158,54.0528
2073,0.1158,54.0615
2074,0.1159,54.0701
2075,0.116,54.0788
2076,0.116,54.0874
2077,0.1161,54.096
2078,0.1161,54.1047
2079,0.1162,54.1133
2080,0.1163,54.1219
2081,0.1163,54.1305
2082,0.1164,54.1392
2083,0.1164,54.1478
2084,0.1165,54.1564
2085,0.1166,54.165
2086,0.1166,54.1736
2087,0.1167,54.1822
2088,0.1167,54.1907
2089,0.1168,54.1993
2090,0.1169,54.2079
2091,0.1169,54.2165
2092,0.117,54.225
2093,0.117,54.2336
2094,0.1171,54.2422
2095,0.1172,54.2507
2096,0.1172,54.2593
2097,0.1173,54.2678
2098,0.1173,54.2764
2099,0.1174,54.2849
2100,0.1175,54.2935
2101,0.1175,54.302
2102,0.1176,54.3105
2103,0.1177,54.319
2104,0.1177,54.3276
2105,0.1178,54.3361
2106,0.1178,54.3446
2107,0.1179,54.3531
2108,0.118,54.3616
2109,0.118,54.3701
2110,0.1181,54.3786
2111,0.1181,54.3871
2112,0.1182,54.3955
2113,0.1183,54.404
2114,0.1183,54.4125
2115,0.1184,54.421
2116,0.1184,54.4294
2117,0.1185,54.4379
2118,0.1186,54.4464
2119,0.1186,54.4548
2120,0.1187,54.4633
2121,0.1187,54.4717
2122,0.1188,54.4802
2123,0.1189,54.4886
2124,0.1189,54.497
2125,0.119,54.5055
2126,0.119,54.5139
2127,0.1191,54.5223
2128,0.1192,54.5307
2129,0.1192,54.5391
2130,0.1193,54.5475
2131,0.1193,54.5559
2132,0.1194,54.5643
2133,0.1195,54.5727
2134,0.1195,54.5811
2135,0.1196,54.5895
2136,0.1196,54.5979
2137,0.1197,54.6063
2138,0.1198,54.6147
2139,0.1198,54.623
2140,0.1199,54.6314
2141,0.1199,54.6398
2142,0.12,54.6481
2143,0.1201,54.6565
2144,0.1201,54.6648
2145,0.1202,54.6732
2146,0.1202,54.6815
2147,0.1203,54.6898
2148,0.1204,54.6982
2149,0.1204,54.7065
2150,0.1205,54.7148
2151,0.1206,54.7231
2152,0.1206,54.7315
2153,0.1207,54.7398
2154,0.1207,54.7481
2155,0.1208,54.7564
2156,0.1209,54.7647
2157,0.1209,54.773
2158,0.121,54.7813
2159,0.121,54.7896
2160,0.1211,54.7978
2161,0.1212,54.8061
2162,0.1212,54.8144
2163,0.1213,54.8227
2164,0.1213,54.8309
2165,0.1214,54.8392
2166,0.1215,54.8475
2167,0.1215,54.8557
2168,0.1216,54.864
2169,0.1216,54.8722
2170,0.1217,54.8805
2171,0.1218,54.8887
2172,0.1218,54.8969
2173,0.1219,54.9052
2174,0.1219,54.9134
2175,0.122,54.9216
2176,0.1221,54.9298
2177,0.1221,54.938
2178,0.1222,54.9462
2179,0.1222,54.9545
2180,0.1223,54.9627
2181,0.1224,54.9709
2182,0.1224,54.979
2183,0.1225,54.9872
2184,0.1226,54.9954
2185,0.1226,55.0036
2186,0.1227,55.0118
2187,0.1227,55.02
2188,0.1228,55.0281
2189,0.1229,55.0363
2190,0.1229,55.0445
2191,0.123,55.0526
2192,0.123,55.0608
2193,0.1231,55.0689
2194,0.1232,55.0771
2195,0.1232,55.0852
2196,0.1233,55.0933
2197,0.1233,55.1015
2198,0.1234,55.1096
2199,0.1235,55.1177
2200,0.1235,55.1258
2201,0.1236,55.134
2202,0.1236,55.1421
2203,0.1237,55.1502
2204,0.1238,55.1583
2205,0.1238,55.1664
2206,0.1239,55.1745
2207,0.1239,55.1826
2208,0.124,55.1907
2209,0.1241,55.1988
2210,0.1241,55.2068
2211,0.1242,55.2149
2212,0.1242,55.223
2213,0.1243,55.2311
2214,0.1244,55.2391
2215,0.1244,55.2472
2216,0.1245,55.2552
2217,0.1245,55.2633
2218,0.1246,55.2713
2219,0.1247,55.2794
2220,0.1247,55.2874
2221,0.1248,55.2955
2222,0.1249,55.3035
2223,0.1249,55.3115
2224,0.125,55.3196
2225,0.125,55.3276
2226,0.1251,55.3356
2227,0.1252,55.3436
2228,0.1252,55.3516
2229,0.1253,55.3596
2230,0.1253,55.3676
2231,0.1254,55.3756
2232,0.1255,55.3836
2233,0.1255,55.3916
2234,0.1256,55.3996
2235,0.1256,55.4076
2236,0.1257,55.4156
2237,0.1258,55.4235
2238,0.1258,55.4315
2239,0.1259,55.4395
2240,0.1259,55.4474
2241,0.126,55.4554
2242,0.1261,55.4634
2243,0.1261,55.4713
2244,0.1262,55.4793
2245,0.1262,55.4872
2246,0.1263,55.4951
2247,0.1264,55.5031
2248,0.1264,55.511
2249,0.1265,55.5189
2250,0.1266,55.5269
2251,0.1266,55.5348
2252,0.1267,55.5427
2253,0.1267,55.5506
2254,0.1268,55.5585
2255,0.1269,55.5664
2256,0.1269,55.5743
2257,0.127,55.5822
2258,0.127,55.5901
2259,0.1271,55.598
2260,0.1272,55.6059
2261,0.1272,55.6138
2262,0.1273,55.6217
2263,0.1273,55.6295
2264,0.1274,55.6374
2265,0.1275,55.6453
2266,0.1275,55.6531
2267,0.1276,55.661
2268,0.1276,55.6688
2269,0.1277,55.6767
2270,0.1278,55.6845
2271,0.1278,55.6924
2272,0.1279,55.7002
2273,0.1279,55.7081
2274,0.128,55.7159
2275,0.1281,55.7237
2276,0.1281,55.7316
2277,0.1282,55.7394
2278,0.1283,55.7472
2279,0.1283,55.755
2280,0.1284,55.7628
2281,0.1284,55.7706
2282,0.1285,55.7784
2283,0.1286,55.7862
2284,0.1286,55.794
2285,0.1287,55.8018
2286,0.1287,55.8096
2287,0.1288,55.8174
2288,0.1289,55.8252
2289,0.1289,55.8329
2290,0.129,55.8407
2291,0.129,55.8485
2292,0.1291,55.8562
2293,0.1292,55.864
2294,0.1292,55.8718
2295,0.1293,55.8795
2296,0.1293,55.8873
2297,0.1294,55.895
2298,0.1295,55.9027
2299,0.1295,55.9105
2300,0.1296,55.9182
2301,0.1296,55.9259
2302,0.1297,55.9337
2303,0.1298,55.9414
2304,0.1298,55.9491
2305,0.1299,55.9568
2306,0.13,55.9645
2307,0.13,55.9723
2308,0.1301,55.98
2309,0.1301,55.9877
2310,0.1302,55.9954
2311,0.1303,56.003
2312,0.1303,56.0107
2313,0.1304,56.0184
2314,0.1304,56.0261
2315,0.1305,56.0338
2316,0.1306,56.0415
2317,0.1306,56.0491
2318,0.1307,56.0568
2319,0.1307,56.0645
2320,0.1308,56.0721
2321,0.1309,56.0798
2322,0.1309,56.0874
2323,0.131,56.0951
2324,0.131,56.1027
2325,0.1311,56.1104
2326,0.1312,56.118
2327,0.1312,56.1256
2328,0.1313,56.1333
2329,0.1314,56.1409
2330,0.1314,56.1485
2331,0.1315,56.1561
2332,0.1315,56.1638
2333,0.1316,56.1714
2334,0.1317,56.179
2335,0.1317,56.1866
2336,0.1318,56.1942
2337,0.1318,56.2018
2338,0.1319,56.2094
2339,0.132,56.217
2340,0.132,56.2246
2341,0.1321,56.2321
2342,0.1321,56.2397
2343,0.1322,56.2473
2344,0.1323,56.2549
2345,0.1323,56.2624
2346,0.1324,56.27
2347,0.1324,56.2776
2348,0.1325,56.2851
2349,0.1326,56.2927
2350,0.1326,56.3002
2351,0.1327,56.3078
2352,0.1328,56.3153
2353,0.1328,56.3229
2354,0.1329,56.3304
2355,0.1329,56.3379
2356,0.133,56.3455
2357,0.1331,56.353
2358,0.1331,56.3605
2359,0.1332,56.368
2360,0.1332,56.3755
2361,0.1333,56.383
2362,0.1334,56.3905
2363,0.1334,56.3981
2364,0.1335,56.4056
2365,0.1335,56.413
2366,0.1336,56.4205
2367,0.1337,56.428
2368,0.1337,56.4355
2369,0.1338,56.443
2370,0.1338,56.4505
2371,0.1339,56.458
2372,0.134,56.4654
2373,0.134,56.4729
2374,0.1341,56.4804
2375,0.1342,56.4878
2376,0.1342,56.4953
2377,0.1343,56.5027
2378,0.1343,56.5102
2379,0.1344,56.5176
2380,0.1345,56.5251
2381,0.1345,56.5325
2382,0.1346,56.5399
2383,0.1346,56.5474
2384,0.1347,56.5548
2385,0.1348,56.5622
2386,0.1348,56.5697
2387,0.1349,56.5771
2388,0.1349,56.5845
2389,0.135,56.5919
2390,0.1351,56.5993
2391,0.1351,56.6067
2392,0.1352,56.6141
2393,0.1352,56.6215
2394,0.1353,56.6289
2395,0.1354,56.6363
2396,0.1354,56.6437
2397,0.1355,56.6511
2398,0.1356,56.6584
2399,0.1356,56.6658
2400,0.1357,56.6732
2401,0.1357,56.6806
2402,0.1358,56.6879
2403,0.1359,56.6953
2404,0.1359,56.7027
2405,0.136,56.71
2406,0.136,56.7174
2407,0.1361,56.7247
2408,0.1362,56.7321
2409,0.1362,56.7394
2410,0.1363,56.7467
2411,0.1363,56.7541
2412,0.1364,56.7614
2413,0.1365,56.7687
2414,0.1365,56.7761
2415,0.1366,56.7834
2416,0.1366,56.7907
2417,0.1367,56.798
2418,0.1368,56.8053
2419,0.1368,56.8126
2420,0.1369,56.8199
2421,0.137,56.8272
2422,0.137,56.8345
2423,0.1371,56.8418
2424,0.1371,56.8491
2425,0.1372,56.8564
2426,0.1373,56.8637
2427,0.1373,56.871
2428,0.1374,56.8782
2429,0.1374,56.8855
2430,0.1375,56.8928
2431,0.1376,56.9
2432,0.1376,56.9073
2433,0.1377,56.9146
2434,0.1377,56.9218
2435,0.1378,56.9291
2436,0.1379,56.9363
2437,0.1379,56.9436
2438,0.138,56.9508
2439,0.1381,56.958
2440,0.1381,56.9653
2441,0.1382,56.9725
2442,0.1382,56.9797
2443,0.1383,56.987
2444,0.1384,56.9942
2445,0.1384,57.0014
2446,0.1385,57.0086
2447,0.1385,57.0158
2448,0.1386,57.023
2449,0.1387,57.0302
2450,0.1387,57.0374
2451,0.1388,57.0446
2452,0.1388,57.0518
2453,0.1389,57.059
2454,0.139,57.0662
2455,0.139,57.0734
2456,0.1391,57.0806
2457,0.1391,57.0878
2458,0.1392,57.0949
2459,0.1393,57.1021
2460,0.1393,57.1093
2461,0.1394,57.1164
2462,0.1395,57.1236
2463,0.1395,57.1307
2464,0.1396,57.1379
2465,0.1396,57.1451
2466,0.1397,57.1522
2467,0.1398,57.1593
2468,0.1398,57.1665
2469,0.1399,57.1736
2470,0.1399,57.1808
2471,0.14,57.1879
2472,0.1401,57.195
2473,0.1401,57.2021
2474,0.1402,57.2093
2475,0.1402,57.2164
2476,0.1403,57.2235
2477,0.1404,57.2306
2478,0.1404,57.2377
2479,0.1405,57.2448
2480,0.1406,57.2519
2481,0.1406,57.259
2482,0.1407,57.2661
2483,0.1407,57.2732
2484,0.1408,57.2803
2485,0.1409,57.2874
2486,0.1409,57.2945
2487,0.141,57.3015
2488,0.141,57.3086
2489,0.1411,57.3157
2490,0.1412,57.3227
2491,0.1412,57.3298
2492,0.1413,57.3369
2493,0.1413,57.3439
2494,0.1414,57.351
2495,0.1415,57.358
2496,0.1415,57.3651
2497,0.1416,57.3721
2498,0.1417,57.3792
2499,0.1417,57.3862
2500,0.1418,57.3932
2501,0.1418,57.4003
2502,0.1419,57.4073
2503,0.142,57.4143
2504,0.142,57.4213
2505,0.1421,57.4284
2506,0.1421,57.4354
2507,0.1422,57.4424
2508,0.1423,57.4494
2509,0.1423,57.4564
2510,0.1424,57.4634
2511,0.1424,57.4704
2512,0.1425,57.4774
2513,0.1426,57.4844
2514,0.1426,57.4914
2515,0.1427,57.4984
2516,0.1428,57.5054
2517,0.1428,57.5123
2518,0.1429,57.5193
2519,0.1429,57.5263
2520,0.143,57.5333
2521,0.1431,57.5402
2522,0.1431,57.5472
2523,0.1432,57.5542
2524,0.1432,57.5611
2525,0.1433,57.5681
2526,0.1434,57.575
2527,0.1434,57.582
2528,0.1435,57.5889
2529,0.1435,57.5958
2530,0.1436,57.6028
2531,0.1437,57.6097
2532,0.1437,57.6167
2533,0.1438,57.6236
2534,0.1439,57.6305
2535,0.1439,57.6374
2536,0.144,57.6443
2537,0.144,57.6513
2538,0.1441,57.6582
2539,0.1442,57.6651
2540,0.1442,57.672
2541,0.1443,57.6789
2542,0.1443,57.6858
2543,0.1444,57.6927
2544,0.1445,57.6996
2545,0.1445,57.7065
2546,0.1446,57.7134
2547,0.1446,57.7202
2548,0.1447,57.7271
2549,0.1448,57.734
2550,0.1448,57.7409
2551,0.1449,57.7477
2552,0.145,57.7546
2553,0.145,57.7615
2554,0.1451,57.7683
2555,0.1451,57.7752
2556,0.1452,57.7821
2557,0.1453,57.7889
2558,0.1453,57.7958
2559,0.1454,57.8026
2560,0.1454,57.8094
2561,0.1455,57.8163
2562,0.1456,57.8231
2563,0.1456,57.83
2564,0.1457,57.8368
2565,0.1457,57.8436
2566,0.1458,57.8504
2567,0.1459,57.8573
2568,0.1459,57.8641
2569,0.146,57.8709
2570,0.1461,57.8777
2571,0.1461,57.8845
2572,0.1462,57.8913
2573,0.1462,57.8981
2574,0.1463,57.9049
2575,0.1464,57.9117
2576,0.1464,57.9185
2577,0.1465,57.9253
2578,0.1465,57.9321
2579,0.1466,57.9389
2580,0.1467,57.9457
2581,0.1467,57.9524
2582,0.1468,57.9592
2583,0.1468,57.966
2584,0.1469,57.9727
2585,0.147,57.9795
2586,0.147,57.9863
2587,0.1471,57.993
2588,0.1472,57.9998
2589,0.1472,58.0065
2590,0.1473,58.0133
2591,0.1473,58.02
2592,0.1474,58.0268
2593,0.1475,58.0335
2594,0.1475,58.0403
2595,0.1476,58.047
2596,0.1476,58.0537
2597,0.1477,58.0605
2598,0.1478,58.0672
2599,0.1478,58.0739
2600,0.1479,58.0806
2601,0.1479,58.0873
2602,0.148,58.094
2603,0.1481,58.1008
2604,0.1481,58.1075
2605,0.1482,58.1142
2606,0.1483,58.1209
2607,0.1483,58.1276
2608,0.1484,58.1343
2609,0.1484,58.141
2610,0.1485,58.1476
2611,0.1486,58.1543
2612,0.1486,58.161
2613,0.1487,58.1677
2614,0.1487,58.1744
2615,0.1488,58.181
2616,0.1489,58.1877
2617,0.1489,58.1944
2618,0.149,58.201
2619,0.1491,58.2077
2620,0.1491,58.2144
2621,0.1492,58.221
2622,0.1492,58.2277
2623,0.1493,58.2343
2624,0.1494,58.241
2625,0.1494,58.2476
2626,0.1495,58.2542
2627,0.1495,58.2609
2628,0.1496,58.2675
2629,0.1497,58.2742
2630,0.1497,58.2808
2631,0.1498,58.2874
2632,0.1498,58.294
2633,0.1499,58.3006
2634,0.15,58.3073
2635,0.15,58.3139
2636,0.1501,58.3205
2637,0.1502,58.3271
2638,0.1502,58.3337
2639,0.1503,58.3403
2640,0.1503,58.3469
2641,0.1504,58.3535
2642,0.1505,58.3601
2643,0.1505,58.3667
2644,0.1506,58.3733
2645,0.1506,58.3798
2646,0.1507,58.3864
2647,0.1508,58.393
2648,0.1508,58.3996
2649,0.1509,58.4062
2650,0.1509,58.4127
2651,0.151,58.4193
2652,0.1511,58.4259
2653,0.1511,58.4324
2654,0.1512,58.439
2655,0.1513,58.4455
2656,0.1513,58.4521
2657,0.1514,58.4586
2658,0.1514,58.4652
2659,0.1515,58.4717
2660,0.1516,58.4783
2661,0.1516,58.4848
2662,0.1517,58.4913
2663,0.1517,58.4979
2664,0.1518,58.5044
2665,0.1519,58.5109
2666,0.1519,58.5174
2667,0.152,58.5239
2668,0.1521,58.5305
2669,0.1521,58.537
2670,0.1522,58.5435
2671,0.1522,58.55
2672,0.1523,58.5565
2673,0.1524,58.563
2674,0.1524,58.5695
2675,0.1525,58.576
2676,0.1525,58.5825
2677,0.1526,58.589
2678,0.1527,58.5955
2679,0.1527,58.6019
2680,0.1528,58.6084
2681,0.1528,58.6149
2682,0.1529,58.6214
2683,0.153,58.6279
2684,0.153,58.6343
2685,0.1531,58.6408
2686,0.1532,58.6473
2687,0.1532,58.6537
2688,0.1533,58.6602
2689,0.1533,58.6666
2690,0.1534,58.6731
2691,0.1535,58.6795
2692,0.1535,58.686
2693,0.1536,58.6924
2694,0.1536,58.6989
2695,0.1537,58.7053
2696,0.1538,58.7117
2697,0.1538,58.7182
2698,0.1539,58.7246
2699,0.154,58.731
2700,0.154,58.7374
2701,0.1541,58.7439
2702,0.1541,58.7503
2703,0.1542,58.7567
2704,0.1543,58.7631
2705,0.1543,58.7695
2706,0.1544,58.7759
2707,0.1544,58.7823
2708,0.1545,58.7887
2709,0.1546,58.7951
2710,0.1546,58.8015
2711,0.1547,58.8079
2712,0.1548,58.8143
2713,0.1548,58.8207
2714,0.1549,58.8271
2715,0.1549,58.8335
2716,0.155,58.8398
2717,0.1551,58.8462
2718,0.1551,58.8526
2719,0.1552,58.859
2720,0.1552,58.8653
2721,0.1553,58.8717
2722,0.1554,58.878
2723,0.1554,58.8844
2724,0.1555,58.8908
2725,0.1555,58.8971
2726,0.1556,58.9035
2727,0.1557,58.9098
2728,0.1557,58.9161
2729,0.1558,58.9225
2730,0.1559,58.9288
2731,0.1559,58.9352
2732,0.156,58.9415
2733,0.156,58.9478
2734,0.1561,58.9542
2735,0.1562,58.9605
2736,0.1562,58.9668
2737,0.1563,58.9731
2738,0.1563,58.9794
2739,0.1564,58.9858
2740,0.1565,58.9921
2741,0.1565,58.9984
2742,0.1566,59.0047
2743,0.1567,59.011
2744,0.1567,59.0173
2745,0.1568,59.0236
2746,0.1568,59.0299
2747,0.1569,59.0362
2748,0.157,59.0424
2749,0.157,59.0487
2750,0.1571,59.055
2751,0.1571,59.0613
2752,0.1572,59.0676
2753,0.1573,59.0738
2754,0.1573,59.0801
2755,0.1574,59.0864
2756,0.1574,59.0927
2757,0.1575,59.0989
2758,0.1576,59.1052
2759,0.1576,59.1114
2760,0.1577,59.1177
2761,0.1578,59.1239
2762,0.1578,59.1302
2763,0.1579,59.1364
2764,0.1579,59.1427
2765,0.158,59.1489
2766,0.1581,59.1552
2767,0.1581,59.1614
2768,0.1582,59.1676
2769,0.1582,59.1739
2770,0.1583,59.1801
2771,0.1584,59.1863
2772,0.1584,59.1925
2773,0.1585,59.1988
2774,0.1586,59.205
2775,0.1586,59.2112
2776,0.1587,59.2174
2777,0.1587,59.2236
2778,0.1588,59.2298
2779,0.1589,59.236
2780,0.1589,59.2422
2781,0.159,59.2484
2782,0.159,59.2546
2783,0.1591,59.2608
2784,0.1592,59.267
2785,0.1592,59.2732
2786,0.1593,59.2794
2787,0.1594,59.2856
2788,0.1594,59.2917
2789,0.1595,59.2979
2790,0.1595,59.3041
2791,0.1596,59.3103
2792,0.1597,59.3164
2793,0.1597,59.3226
2794,0.1598,59.3288
2795,0.1598,59.3349
2796,0.1599,59.3411
2797,0.16,59.3472
2798,0.16,59.3534
2799,0.1601,59.3595
2800,0.1602,59.3657
2801,0.1602,59.3718
2802,0.1603,59.378
2803,0.1603,59.3841
2804,0.1604,59.3902
2805,0.1605,59.3964
2806,0.1605,59.4025
2807,0.1606,59.4086
2808,0.1606,59.4148
2809,0.1607,59.4209
2810,0.1608,59.427
2811,0.1608,59.4331
2812,0.1609,59.4392
2813,0.1609,59.4453
2814,0.161,59.4515
2815,0.1611,59.4576
2816,0.1611,59.4637
2817,0.1612,59.4698
2818,0.1613,59.4759
2819,0.1613,59.482
2820,0.1614,59.4881
2821,0.1614,59.4941
2822,0.1615,59.5002
2823,0.1616,59.5063
2824,0.1616,59.5124
2825,0.1617,59.5185
2826,0.1617,59.5246
2827,0.1618,59.5306
2828,0.1619,59.5367
2829,0.1619,59.5428
2830,0.162,59.5489
2831,0.1621,59.5549
2832,0.1621,59.561
2833,0.1622,59.567
2834,0.1622,59.5731
2835,0.1623,59.5791
2836,0.1624,59.5852
2837,0.1624,59.5913
2838,0.1625,59.5973
2839,0.1625,59.6033
2840,0.1626,59.6094
2841,0.1627,59.6154
2842,0.1627,59.6215
2843,0.1628,59.6275
2844,0.1629,59.6335
2845,0.1629,59.6395
2846,0.163,59.6456
2847,0.163,59.6516
2848,0.1631,59.6576
2849,0.1632,59.6636
2850,0.1632,59.6697
2851,0.1633,59.6757
2852,0.1633,59.6817
2853,0.1634,59.6877
2854,0.1635,59.6937
2855,0.1635,59.6997
2856,0.1636,59.7057
2857,0.1637,59.7117
2858,0.1637,59.7177
2859,0.1638,59.7237
2860,0.1638,59.7297
2861,0.1639,59.7356
2862,0.164,59.7416
2863,0.164,59.7476
2864,0.1641,59.7536
2865,0.1641,59.7596
2866,0.1642,59.7655
2867,0.1643,59.7715
2868,0.1643,59.7775
2869,0.1644,59.7835
2870,0.1645,59.7894
2871,0.1645,59.7954
2872,0.1646,59.8013
2873,0.1646,59.8073
2874,0.1647,59.8132
2875,0.1648,59.8192
2876,0.1648,59.8251
2877,0.1649,59.8311
2878,0.1649,59.837
2879,0.165,59.843
2880,0.1651,59.8489
2881,0.1651,59.8549
2882,0.1652,59.8608
2883,0.1653,59.8667
2884,0.1653,59.8726
2885,0.1654,59.8786
2886,0.1654,59.8845
2887,0.1655,59.8904
2888,0.1656,59.8963
2889,0.1656,59.9022
2890,0.1657,59.9082
2891,0.1657,59.9141
2892,0.1658,59.92
2893,0.1659,59.9259
2894,0.1659,59.9318
2895,0.166,59.9377
2896,0.166,59.9436
2897,0.1661,59.9495
2898,0.1662,59.9554
2899,0.1662,59.9613
2900,0.1663,59.9672
2901,0.1664,59.973
2902,0.1664,59.9789
2903,0.1665,59.9848
2904,0.1665,59.9907
2905,0.1666,59.9966
2906,0.1667,60.0024
2907,0.1667,60.0083
2908,0.1668,60.0142
2909,0.1668,60.02
2910,0.1669,60.0259
2911,0.167,60.0318
2912,0.167,60.0376
2913,0.1671,60.0435
2914,0.1672,60.0493
2915,0.1672,60.0552
2916,0.1673,60.061
2917,0.1673,60.0669
2918,0.1674,60.0727
2919,0.1675,60.0785
2920,0.1675,60.0844
2921,0.1676,60.0902
2922,0.1676,60.0961
2923,0.1677,60.1019
2924,0.1678,60.1077
2925,0.1678,60.1135
2926,0.1679,60.1194
2927,0.168,60.1252
2928,0.168,60.131
2929,0.1681,60.1368
2930,0.1681,60.1426
2931,0.1682,60.1484
2932,0.1683,60.1543
2933,0.1683,60.1601
2934,0.1684,60.1659
2935,0.1684,60.1717
2936,0.1685,60.1775
2937,0.1686,60.1833
2938,0.1686,60.1891
2939,0.1687,60.1948
2940,0.1688,60.2006
2941,0.1688,60.2064
2942,0.1689,60.2122
2943,0.1689,60.218
2944,0.169,60.2238
2945,0.1691,60.2295
2946,0.1691,60.2353
2947,0.1692,60.2411
2948,0.1692,60.2469
2949,0.1693,60.2526
2950,0.1694,60.2584
2951,0.1694,60.2641
2952,0.1695,60.2699
2953,0.1696,60.2757
2954,0.1696,60.2814
2955,0.1697,60.2872
2956,0.1697,60.2929
2957,0.1698,60.2987
2958,0.1699,60.3044
2959,0.1699,60.3102
2960,0.17,60.3159
2961,0.17,60.3216
2962,0.1701,60.3274
2963,0.1702,60.3331
2964,0.1702,60.3388
2965,0.1703,60.3446
2966,0.1704,60.3503
2967,0.1704,60.356
2968,0.1705,60.3617
2969,0.1705,60.3675
2970,0.1706,60.3732
2971,0.1707,60.3789
2972,0.1707,60.3846
2973,0.1708,60.3903
2974,0.1708,60.396
2975,0.1709,60.4017
2976,0.171,60.4074
2977,0.171,60.4131
2978,0.1711,60.4188
2979,0.1712,60.4245
2980,0.1712,60.4302
2981,0.1713,60.4359
2982,0.1713,60.4416
2983,0.1714,60.4473
2984,0.1715,60.453
2985,0.1715,60.4586
2986,0.1716,60.4643
2987,0.1716,60.47
2988,0.1717,60.4757
2989,0.1718,60.4813
2990,0.1718,60.487
2991,0.1719,60.4927
2992,0.172,60.4983
2993,0.172,60.504
2994,0.1721,60.5097
2995,0.1721,60.5153
2996,0.1722,60.521
2997,0.1723,60.5266
2998,0.1723,60.5323
2999,0.1724,60.5379
3000,0.1724,60.5436
3001,0.1725,60.5492
3002,0.1726,60.5548
3003,0.1726,60.5605
3004,0.1727,60.5661
3005,0.1728,60.5717
3006,0.1728,60.5774
3007,0.1729,60.583
3008,0.1729,60.5886
3009,0.173,60.5943
3010,0.1731,60.5999
3011,0.1731,60.6055
3012,0.1732,60.6111
3013,0.1732,60.6167
3014,0.1733,60.6223
3015,0.1734,60.628
3016,0.1734,60.6336
3017,0.1735,60.6392
3018,0.1736,60.6448
3019,0.1736,60.6504
3020,0.1737,60.656
3021,0.1737,60.6616
3022,0.1738,60.6672
3023,0.1739,60.6728
3024,0.1739,60.6783
3025,0.174,60.6839
3026,0.174,60.6895
3027,0.1741,60.6951
3028,0.1742,60.7007
3029,0.1742,60.7063
3030,0.1743,60.7118
3031,0.1744,60.7174
3032,0.1744,60.723
3033,0.1745,60.7285
3034,0.1745,60.7341
3035,0.1746,60.7397
3036,0.1747,60.7452
3037,0.1747,60.7508
3038,0.1748,60.7564
3039,0.1749,60.7619
3040,0.1749,60.7675
3041,0.175,60.773
3042,0.175,60.7786
3043,0.1751,60.7841
3044,0.1752,60.7896
3045,0.1752,60.7952
3046,0.1753,60.8007
3047,0.1753,60.8063
3048,0.1754,60.8118
3049,0.1755,60.8173
3050,0.1755,60.8229
3051,0.1756,60.8284
3052,0.1757,60.8339
3053,0.1757,60.8394
3054,0.1758,60.845
3055,0.1758,60.8505
3056,0.1759,60.856
3057,0.176,60.8615
3058,0.176,60.867
3059,0.1761,60.8725
3060,0.1761,60.878
3061,0.1762,60.8835
3062,0.1763,60.889
3063,0.1763,60.8945
3064,0.1764,60.9
3065,0.1765,60.9055
3066,0.1765,60.911
3067,0.1766,60.9165
3068,0.1766,60.922
3069,0.1767,60.9275
3070,0.1768,60.933
3071,0.1768,60.9385
3072,0.1769,60.9439
3073,0.1769,60.9494
3074,0.177,60.9549
3075,0.1771,60.9604
3076,0.1771,60.9658
3077,0.1772,60.9713
3078,0.1773,60.9768
3079,0.1773,60.9822
3080,0.1774,60.9877
3081,0.1774,60.9932
3082,0.1775,60.9986
3083,0.1776,61.0041
3084,0.1776,61.0095
3085,0.1777,61.015
3086,0.1777,61.0204
3087,0.1778,61.0259
3088,0.1779,61.0313
3089,0.1779,61.0368
3090,0.178,61.0422
3091,0.1781,61.0476
3092,0.1781,61.0531
3093,0.1782,61.0585
3094,0.1782,61.0639
3095,0.1783,61.0694
3096,0.1784,61.0748
3097,0.1784,61.0802
3098,0.1785,61.0856
3099,0.1785,61.0911
3100,0.1786,61.0965
3101,0.1787,61.1019
3102,0.1787,61.1073
3103,0.1788,61.1127
3104,0.1789,61.1181
3105,0.1789,61.1235
3106,0.179,61.1289
3107,0.179,61.1343
3108,0.1791,61.1397
3109,0.1792,61.1451
3110,0.1792,61.1505
3111,0.1793,61.1559
3112,0.1793,61.1613
3113,0.1794,61.1667
3114,0.1795,61.1721
3115,0.1795,61.1775
3116,0.1796,61.1829
3117,0.1797,61.1882
3118,0.1797,61.1936
3119,0.1798,61.199
3120,0.1798,61.2044
3121,0.1799,61.2097
3122,0.18,61.2151
3123,0.18,61.2205
3124,0.1801,61.2258
3125,0.1801,61.2312
3126,0.1802,61.2366
3127,0.1803,61.2419
3128,0.1803,61.2473
3129,0.1804,61.2526
3130,0.1805,61.258
3131,0.1805,61.2633
3132,0.1806,61.2687
3133,0.1806,61.274
3134,0.1807,61.2794
3135,0.1808,61.2847
3136,0.1808,61.2901
3137,0.1809,61.2954
3138,0.181,61.3007
3139,0.181,61.3061
3140,0.1811,61.3114
3141,0.1811,61.3167
3142,0.1812,61.3221
3143,0.1813,61.3274
3144,0.1813,61.3327
3145,0.1814,61.338
3146,0.1814,61.3433
3147,0.1815,61.3487
3148,0.1816,61.354
3149,0.1816,61.3593
3150,0.1817,61.3646
3151,0.1818,61.3699
3152,0.1818,61.3752
3153,0.1819,61.3805
3154,0.1819,61.3858
3155,0.182,61.3911
3156,0.1821,61.3964
3157,0.1821,61.4017
3158,0.1822,61.407
3159,0.1822,61.4123
3160,0.1823,61.4176
3161,0.1824,61.4229
3162,0.1824,61.4281
3163,0.1825,61.4334
3164,0.1826,61.4387
3165,0.1826,61.444
3166,0.1827,61.4493
3167,0.1827,61.4545
3168,0.1828,61.4598
3169,0.1829,61.4651
3170,0.1829,61.4703
3171,0.183,61.4756
3172,0.183,61.4809
3173,0.1831,61.4861
3174,0.1832,61.4914
3175,0.1832,61.4966
3176,0.1833,61.5019
3177,0.1834,61.5071
3178,0.1834,61.5124
3179,0.1835,61.5176
3180,0.1835,61.5229
3181,0.1836,61.5281
3182,0.1837,61.5334
3183,0.1837,61.5386
3184,0.1838,61.5439
3185,0.1838,61.5491
3186,0.1839,61.5543
3187,0.184,61.5596
3188,0.184,61.5648
3189,0.1841,61.57
3190,0.1842,61.5752
3191,0.1842,61.5805
3192,0.1843,61.5857
3193,0.1843,61.5909
3194,0.1844,61.5961
3195,0.1845,61.6013
3196,0.1845,61.6065
3197,0.1846,61.6118
3198,0.1846,61.617
3199,0.1847,61.6222
3200,0.1848,61.6274
3201,0.1848,61.6326
3202,0.1849,61.6378
3203,0.185,61.643
3204,0.185,61.6482
3205,0.1851,61.6534
3206,0.1851,61.6586
3207,0.1852,61.6638
3208,0.1853,61.6689
3209,0.1853,61.6741
3210,0.1854,61.6793
3211,0.1855,61.6845
3212,0.1855,61.6897
3213,0.1856,61.6949
3214,0.1856,61.7
3215,0.1857,61.7052
3216,0.1858,61.7104
3217,0.1858,61.7155
3218,0.1859,61.7207
3219,0.1859,61.7259
3220,0.186,61.731
3221,0.1861,61.7362
3222,0.1861,61.7414
3223,0.1862,61.7465
3224,0.1863,61.7517
3225,0.1863,61.7568
3226,0.1864,61.762
3227,0.1864,61.7671
3228,0.1865,61.7723
3229,0.1866,61.7774
3230,0.1866,61.7826
3231,0.1867,61.7877
3232,0.1867,61.7928
3233,0.1868,61.798
3234,0.1869,61.8031
3235,0.1869,61.8082
3236,0.187,61.8134
3237,0.1871,61.8185
3238,0.1871,61.8236
3239,0.1872,61.8288
3240,0.1872,61.8339
3241,0.1873,61.839
3242,0.1874,61.8441
3243,0.1874,61.8492
3244,0.1875,61.8544
3245,0.1875,61.8595
3246,0.1876,61.8646
3247,0.1877,61.8697
3248,0.1877,61.8748
3249,0.1878,61.8799
3250,0.1879,61.885
3251,0.1879,61.8901
3252,0.188,61.8952
3253,0.188,61.9003
3254,0.1881,61.9054
3255,0.1882,61.9105
3256,0.1882,61.9156
3257,0.1883,61.9207
3258,0.1884,61.9258
3259,0.1884,61.9308
3260,0.1885,61.9359
3261,0.1885,61.941
3262,0.1886,61.9461
3263,0.1887,61.9512
3264,0.1887,61.9562
3265,0.1888,61.9613
3266,0.1888,61.9664
3267,0.1889,61.9714
3268,0.189,61.9765
3269,0.189,61.9816
3270,0.1891,61.9866
3271,0.1892,61.9917
3272,0.1892,61.9968
3273,0.1893,62.0018
3274,0.1893,62.0069
3275,0.1894,62.0119
3276,0.1895,62.017
3277,0.1895,62.022
3278,0.1896,62.0271
3279,0.1896,62.0321
3280,0.1897,62.0372
3281,0.1898,62.0422
3282,0.1898,62.0472
3283,0.1899,62.0523
3284,0.19,62.0573
3285,0.19,62.0624
3286,0.1901,62.0674
3287,0.1901,62.0724
3288,0.1902,62.0774
3289,0.1903,62.0825
3290,0.1903,62.0875
3291,0.1904,62.0925
3292,0.1904,62.0975
3293,0.1905,62.1026
3294,0.1906,62.1076
3295,0.1906,62.1126
3296,0.1907,62.1176
3297,0.1908,62.1226
3298,0.1908,62.1276
3299,0.1909,62.1326
3300,0.1909,62.1376
3301,0.191,62.1426
3302,0.1911,62.1476
3303,0.1911,62.1526
3304,0.1912,62.1576
3305,0.1913,62.1626
3306,0.1913,62.1676
3307,0.1914,62.1726
3308,0.1914,62.1776
3309,0.1915,62.1826
3310,0.1916,62.1876
3311,0.1916,62.1926
3312,0.1917,62.1975
3313,0.1917,62.2025
3314,0.1918,62.2075
3315,0.1919,62.2125
3316,0.1919,62.2174
3317,0.192,62.2224
3318,0.1921,62.2274
3319,0.1921,62.2323
3320,0.1922,62.2373
3321,0.1922,62.2423
3322,0.1923,62.2472
3323,0.1924,62.2522
3324,0.1924,62.2572
3325,0.1925,62.2621
3326,0.1925,62.2671
3327,0.1926,62.272
3328,0.1927,62.277
3329,0.1927,62.2819
3330,0.1928,62.2869
3331,0.1929,62.2918
3332,0.1929,62.2968
3333,0.193,62.3017
3334,0.193,62.3066
3335,0.1931,62.3116
3336,0.1932,62.3165
3337,0.1932,62.3214
3338,0.1933,62.3264
3339,0.1933,62.3313
3340,0.1934,62.3362
3341,0.1935,62.3412
3342,0.1935,62.3461
3343,0.1936,62.351
3344,0.1937,62.3559
3345,0.1937,62.3608
3346,0.1938,62.3658
3347,0.1938,62.3707
3348,0.1939,62.3756
3349,0.194,62.3805
3350,0.194,62.3854
3351,0.1941,62.3903
3352,0.1942,62.3952
3353,0.1942,62.4001
3354,0.1943,62.405
3355,0.1943,62.4099
3356,0.1944,62.4148
3357,0.1945,62.4197
3358,0.1945,62.4246
3359,0.1946,62.4295
3360,0.1946,62.4344
3361,0.1947,62.4393
3362,0.1948,62.4442
3363,0.1948,62.4491
3364,0.1949,62.4539
3365,0.195,62.4588
3366,0.195,62.4637
3367,0.1951,62.4686
3368,0.1951,62.4735
3369,0.1952,62.4783
3370,0.1953,62.4832
3371,0.1953,62.4881
3372,0.1954,62.4929
3373,0.1954,62.4978
3374,0.1955,62.5027
3375,0.1956,62.5075
3376,0.1956,62.5124
3377,0.1957,62.5173
3378,0.1958,62.5221
3379,0.1958,62.527
3380,0.1959,62.5318
3381,0.1959,62.5367
3382,0.196,62.5415
3383,0.1961,62.5464
3384,0.1961,62.5512
3385,0.1962,62.5561
3386,0.1963,62.5609
3387,0.1963,62.5657
3388,0.1964,62.5706
3389,0.1964,62.5754
3390,0.1965,62.5803
3391,0.1966,62.5851
3392,0.1966,62.5899
3393,0.1967,62.5947
3394,0.1967,62.5996
3395,0.1968,62.6044
3396,0.1969,62.6092
3397,0.1969,62.614
3398,0.197,62.6189
3399,0.1971,62.6237
3400,0.1971,62.6285
3401,0.1972,62.6333
3402,0.1972,62.6381
3403,0.1973,62.6429
3404,0.1974,62.6477
3405,0.1974,62.6526
3406,0.1975,62.6574
3407,0.1975,62.6622
3408,0.1976,62.667
3409,0.1977,62.6718
3410,0.1977,62.6766
3411,0.1978,62.6814
3412,0.1979,62.6862
3413,0.1979,62.691
3414,0.198,62.6957
3415,0.198,62.7005
3416,0.1981,62.7053
3417,0.1982,62.7101
3418,0.1982,62.7149
3419,0.1983,62.7197
3420,0.1983,62.7245
3421,0.1984,62.7292
3422,0.1985,62.734
3423,0.1985,62.7388
3424,0.1986,62.7436
3425,0.1987,62.7483
3426,0.1987,62.7531
3427,0.1988,62.7579
3428,0.1988,62.7626
3429,0.1989,62.7674
3430,0.199,62.7722
3431,0.199,62.7769
3432,0.1991,62.7817
3433,0.1992,62.7864
3434,0.1992,62.7912
3435,0.1993,62.7959
3436,0.1993,62.8007
3437,0.1994,62.8055
3438,0.1995,62.8102
3439,0.1995,62.8149
3440,0.1996,62.8197
3441,0.1996,62.8244
3442,0.1997,62.8292
3443,0.1998,62.8339
3444,0.1998,62.8387
3445,0.1999,62.8434
3446,0.2,62.8481
3447,0.2,62.8529
3448,0.2001,62.8576
3449,0.2001,62.8623
3450,0.2002,62.867
3451,0.2003,62.8718
3452,0.2003,62.8765
3453,0.2004,62.8812
3454,0.2004,62.8859
3455,0.2005,62.8907
3456,0.2006,62.8954
3457,0.2006,62.9001
3458,0.2007,62.9048
3459,0.2008,62.9095
3460,0.2008,62.9142
3461,0.2009,62.9189
3462,0.2009,62.9236
3463,0.201,62.9283
3464,0.2011,62.933
3465,0.2011,62.9377
3466,0.2012,62.9424
3467,0.2013,62.9471
3468,0.2013,62.9518
3469,0.2014,62.9565
3470,0.2014,62.9612
3471,0.2015,62.9659
3472,0.2016,62.9706
3473,0.2016,62.9753
3474,0.2017,62.98
3475,0.2017,62.9847
3476,0.2018,62.9893
3477,0.2019,62.994
3478,0.2019,62.9987
3479,0.202,63.0034
3480,0.2021,63.008
3481,0.2021,63.0127
3482,0.2022,63.0174
3483,0.2022,63.0221
3484,0.2023,63.0267
3485,0.2024,63.0314
3486,0.2024,63.0361
3487,0.2025,63.0407
3488,0.2025,63.0454
3489,0.2026,63.05
3490,0.2027,63.0547
3491,0.2027,63.0594
3492,0.2028,63.064
3493,0.2029,63.0687
3494,0.2029,63.0733
3495,0.203,63.078
3496,0.203,63.0826
3497,0.2031,63.0873
3498,0.2032,63.0919
3499,0.2032,63.0965
3500,0.2033,63.1012
3501,0.2034,63.1058
3502,0.2034,63.1105
3503,0.2035,63.1151
3504,0.2035,63.1197
3505,0.2036,63.1244
3506,0.2037,63.129
3507,0.2037,63.1336
3508,0.2038,63.1382
3509,0.2038,63.1429
3510,0.2039,63.1475
3511,0.204,63.1521
3512,0.204,63.1567
3513,0.2041,63.1614
3514,0.2042,63.166
3515,0.2042,63.1706
3516,0.2043,63.1752
3517,0.2043,63.1798
3518,0.2044,63.1844
3519,0.2045,63.189
3520,0.2045,63.1936
3521,0.2046,63.1982
3522,0.2046,63.2028
3523,0.2047,63.2074
3524,0.2048,63.212
3525,0.2048,63.2166
3526,0.2049,63.2212
3527,0.205,63.2258
3528,0.205,63.2304
3529,0.2051,63.235
3530,0.2051,63.2396
3531,0.2052,63.2442
3532,0.2053,63.2488
3533,0.2053,63.2534
3534,0.2054,63.2579
3535,0.2055,63.2625
3536,0.2055,63.2671
3537,0.2056,63.2717
3538,0.2056,63.2763
3539,0.2057,63.2808
3540,0.2058,63.2854
3541,0.2058,63.29
3542,0.2059,63.2945
3543,0.2059,63.2991
3544,0.206,63.3037
3545,0.2061,63.3082
3546,0.2061,63.3128
3547,0.2062,63.3174
3548,0.2063,63.3219
3549,0.2063,63.3265
3550,0.2064,63.331
3551,0.2064,63.3356
3552,0.2065,63.3402
3553,0.2066,63.3447
3554,0.2066,63.3493
3555,0.2067,63.3538
3556,0.2067,63.3583
3557,0.2068,63.3629
3558,0.2069,63.3674
3559,0.2069,63.372
3560,0.207,63.3765
3561,0.2071,63.3811
3562,0.2071,63.3856
3563,0.2072,63.3901
3564,0.2072,63.3947
3565,0.2073,63.3992
3566,0.2074,63.4037
3567,0.2074,63.4083
3568,0.2075,63.4128
3569,0.2076,63.4173
3570,0.2076,63.4218
3571,0.2077,63.4263
3572,0.2077,63.4309
3573,0.2078,63.4354
3574,0.2079,63.4399
3575,0.2079,63.4444
3576,0.208,63.4489
3577,0.208,63.4534
3578,0.2081,63.458
3579,0.2082,63.4625
3580,0.2082,63.467
3581,0.2083,63.4715
3582,0.2084,63.476
3583,0.2084,63.4805
3584,0.2085,63.485
3585,0.2085,63.4895
3586,0.2086,63.494
3587,0.2087,63.4985
3588,0.2087,63.503
3589,0.2088,63.5075
3590,0.2088,63.512
3591,0.2089,63.5164
3592,0.209,63.5209
3593,0.209,63.5254
3594,0.2091,63.5299
3595,0.2092,63.5344
3596,0.2092,63.5389
3597,0.2093,63.5433
3598,0.2093,63.5478
3599,0.2094,63.5523
3600,0.2095,63.5568
3601,0.2095,63.5612
3602,0.2096,63.5657
3603,0.2096,63.5702
3604,0.2097,63.5747
3605,0.2098,63.5791
3606,0.2098,63.5836
3607,0.2099,63.588
3608,0.21,63.5925
3609,0.21,63.597
3610,0.2101,63.6014
3611,0.2101,63.6059
3612,0.2102,63.6103
3613,0.2103,63.6148
3614,0.2103,63.6192
3615,0.2104,63.6237
3616,0.2105,63.6281
3617,0.2105,63.6326
3618,0.2106,63.637
3619,0.2106,63.6415
3620,0.2107,63.6459
3621,0.2108,63.6504
3622,0.2108,63.6548
3623,0.2109,63.6592
3624,0.2109,63.6637
3625,0.211,63.6681
3626,0.2111,63.6726
3627,0.2111,63.677
3628,0.2112,63.6814
3629,0.2113,63.6858
3630,0.2113,63.6903
3631,0.2114,63.6947
3632,0.2114,63.6991
3633,0.2115,63.7035
3634,0.2116,63.708
3635,0.2116,63.7124
3636,0.2117,63.7168
3637,0.2117,63.7212
3638,0.2118,63.7256
3639,0.2119,63.73
3640,0.2119,63.7345
3641,0.212,63.7389
3642,0.2121,63.7433
3643,0.2121,63.7477
3644,0.2122,63.7521
3645,0.2122,63.7565
3646,0.2123,63.7609
3647,0.2124,63.7653
3648,0.2124,63.7697
3649,0.2125,63.7741
3650,0.2126,63.7785
3651,0.2126,63.7829
3652,0.2127,63.7873
3653,0.2127,63.7917
3654,0.2128,63.796
3655,0.2129,63.8004
3656,0.2129,63.8048
3657,0.213,63.8092
3658,0.213,63.8136
3659,0.2131,63.818
3660,0.2132,63.8224
3661,0.2132,63.8267
3662,0.2133,63.8311
3663,0.2134,63.8355
3664,0.2134,63.8399
3665,0.2135,63.8442
3666,0.2135,63.8486
3667,0.2136,63.853
3668,0.2137,63.8573
3669,0.2137,63.8617
3670,0.2138,63.8661
3671,0.2138,63.8704
3672,0.2139,63.8748
3673,0.214,63.8792
3674,0.214,63.8835
3675,0.2141,63.8879
3676,0.2142,63.8922
3677,0.2142,63.8966
3678,0.2143,63.9009
3679,0.2143,63.9053
3680,0.2144,63.9096
3681,0.2145,63.914
3682,0.2145,63.9183
3683,0.2146,63.9227
3684,0.2147,63.927
3685,0.2147,63.9314
3686,0.2148,63.9357
3687,0.2148,63.94
3688,0.2149,63.9444
3689,0.215,63.9487
3690,0.215,63.953
3691,0.2151,63.9574
3692,0.2151,63.9617
3693,0.2152,63.966
3694,0.2153,63.9704
3695,0.2153,63.9747
3696,0.2154,63.979
3697,0.2155,63.9833
3698,0.2155,63.9877
3699,0.2156,63.992
3700,0.2156,63.9963
3701,0.2157,64.0006
3702,0.2158,64.0049
3703,0.2158,64.0093
3704,0.2159,64.0136
3705,0.2159,64.0179
3706,0.216,64.0222
3707,0.2161,64.0265
3708,0.2161,64.0308
3709,0.2162,64.0351
3710,0.2163,64.0394
3711,0.2163,64.0437
3712,0.2164,64.048
3713,0.2164,64.0523
3714,0.2165,64.0566
3715,0.2166,64.0609
3716,0.2166,64.0652
3717,0.2167,64.0695
3718,0.2168,64.0738
3719,0.2168,64.0781
3720,0.2169,64.0824
3721,0.2169,64.0867
3722,0.217,64.0909
3723,0.2171,64.0952
3724,0.2171,64.0995
3725,0.2172,64.1038
3726,0.2172,64.1081
3727,0.2173,64.1123
3728,0.2174,64.1166
3729,0.2174,64.1209
3730,0.2175,64.1252
3731,0.2176,64.1294
3732,0.2176,64.1337
3733,0.2177,64.138
3734,0.2177,64.1423
3735,0.2178,64.1465
3736,0.2179,64.1508
3737,0.2179,64.1551
3738,0.218,64.1593
3739,0.218,64.1636
3740,0.2181,64.1678
3741,0.2182,64.1721
3742,0.2182,64.1763
3743,0.2183,64.1806
3744,0.2184,64.1849
3745,0.2184,64.1891
3746,0.2185,64.1934
3747,0.2185,64.1976
3748,0.2186,64.2019
3749,0.2187,64.2061
3750,0.2187,64.2103
3751,0.2188,64.2146
3752,0.2189,64.2188
3753,0.2189,64.2231
3754,0.219,64.2273
3755,0.219,64.2315
3756,0.2191,64.2358
3757,0.2192,64.24
3758,0.2192,64.2443
3759,0.2193,64.2485
3760,0.2193,64.2527
3761,0.2194,64.2569
3762,0.2195,64.2612
3763,0.2195,64.2654
3764,0.2196,64.2696
3765,0.2197,64.2738
3766,0.2197,64.2781
3767,0.2198,64.2823
3768,0.2198,64.2865
3769,0.2199,64.2907
3770,0.22,64.2949
3771,0.22,64.2991
3772,0.2201,64.3034
3773,0.2201,64.3076
3774,0.2202,64.3118
3775,0.2203,64.316
3776,0.2203,64.3202
3777,0.2204,64.3244
3778,0.2205,64.3286
3779,0.2205,64.3328
3780,0.2206,64.337
3781,0.2206,64.3412
3782,0.2207,64.3454
3783,0.2208,64.3496
3784,0.2208,64.3538
3785,0.2209,64.358
3786,0.221,64.3622
3787,0.221,64.3664
3788,0.2211,64.3706
3789,0.2211,64.3748
3790,0.2212,64.3789
3791,0.2213,64.3831
3792,0.2213,64.3873
3793,0.2214,64.3915
3794,0.2214,64.3957
3795,0.2215,64.3999
3796,0.2216,64.404
3797,0.2216,64.4082
3798,0.2217,64.4124
3799,0.2218,64.4166
3800,0.2218,64.4207
3801,0.2219,64.4249
3802,0.2219,64.4291
3803,0.222,64.4332
3804,0.2221,64.4374
3805,0.2221,64.4416
3806,0.2222,64.4457
3807,0.2222,64.4499
3808,0.2223,64.4541
3809,0.2224,64.4582
3810,0.2224,64.4624
3811,0.2225,64.4665
3812,0.2226,64.4707
3813,0.2226,64.4748
3814,0.2227,64.479
3815,0.2227,64.4832
3816,0.2228,64.4873
3817,0.2229,64.4915
3818,0.2229,64.4956
3819,0.223,64.4997
3820,0.2231,64.5039
3821,0.2231,64.508
3822,0.2232,64.5122
3823,0.2232,64.5163
3824,0.2233,64.5205
3825,0.2234,64.5246
3826,0.2234,64.5287
3827,0.2235,64.5329
3828,0.2235,64.537
3829,0.2236,64.5411
3830,0.2237,64.5453
3831,0.2237,64.5494
3832,0.2238,64.5535
3833,0.2239,64.5576
3834,0.2239,64.5618
3835,0.224,64.5659
3836,0.224,64.57
3837,0.2241,64.5741
3838,0.2242,64.5782
3839,0.2242,64.5824
3840,0.2243,64.5865
3841,0.2243,64.5906
3842,0.2244,64.5947
3843,0.2245,64.5988
3844,0.2245,64.6029
3845,0.2246,64.607
3846,0.2247,64.6112
3847,0.2247,64.6153
3848,0.2248,64.6194
3849,0.2248,64.6235
3850,0.2249,64.6276
3851,0.225,64.6317
3852,0.225,64.6358
3853,0.2251,64.6399
3854,0.2252,64.644
3855,0.2252,64.6481
3856,0.2253,64.6522
3857,0.2253,64.6562
3858,0.2254,64.6603
3859,0.2255,64.6644
3860,0.2255,64.6685
3861,0.2256,64.6726
3862,0.2256,64.6767
3863,0.2257,64.6808
3864,0.2258,64.6849
3865,0.2258,64.6889
3866,0.2259,64.693
3867,0.226,64.6971
3868,0.226,64.7012
3869,0.2261,64.7053
3870,0.2261,64.7093
3871,0.2262,64.7134
3872,0.2263,64.7175
3873,0.2263,64.7215
3874,0.2264,64.7256
3875,0.2264,64.7297
3876,0.2265,64.7338
3877,0.2266,64.7378
3878,0.2266,64.7419
3879,0.2267,64.7459
3880,0.2268,64.75
3881,0.2268,64.7541
3882,0.2269,64.7581
3883,0.2269,64.7622
3884,0.227,64.7662
3885,0.2271,64.7703
3886,0.2271,64.7744
3887,0.2272,64.7784
3888,0.2273,64.7825
3889,0.2273,64.7865
3890,0.2274,64.7906
3891,0.2274,64.7946
3892,0.2275,64.7986
3893,0.2276,64.8027
3894,0.2276,64.8067
3895,0.2277,64.8108
3896,0.2277,64.8148
3897,0.2278,64.8189
3898,0.2279,64.8229
3899,0.2279,64.8269
3900,0.228,64.831
3901,0.2281,64.835
3902,0.2281,64.839
3903,0.2282,64.8431
3904,0.2282,64.8471
3905,0.2283,64.8511
3906,0.2284,64.8551
3907,0.2284,64.8592
3908,0.2285,64.8632
3909,0.2285,64.8672
3910,0.2286,64.8712
3911,0.2287,64.8753
3912,0.2287,64.8793
3913,0.2288,64.8833
3914,0.2289,64.8873
3915,0.2289,64.8913
3916,0.229,64.8953
3917,0.229,64.8993
3918,0.2291,64.9034
3919,0.2292,64.9074
3920,0.2292,64.9114
3921,0.2293,64.9154
3922,0.2293,64.9194
3923,0.2294,64.9234
3924,0.2295,64.9274
3925,0.2295,64.9314
3926,0.2296,64.9354
3927,0.2297,64.9394
3928,0.2297,64.9434
3929,0.2298,64.9474
3930,0.2298,64.9514
3931,0.2299,64.9554
3932,0.23,64.9594
3933,0.23,64.9634
3934,0.2301,64.9674
3935,0.2302,64.9713
3936,0.2302,64.9753
3937,0.2303,64.9793
3938,0.2303,64.9833
3939,0.2304,64.9873
3940,0.2305,64.9913
3941,0.2305,64.9952
3942,0.2306,64.9992
3943,0.2306,65.0032
3944,0.2307,65.0072
3945,0.2308,65.0112
3946,0.2308,65.0151
3947,0.2309,65.0191
3948,0.231,65.0231
3949,0.231,65.027
3950,0.2311,65.031
3951,0.2311,65.035
3952,0.2312,65.0389
3953,0.2313,65.0429
3954,0.2313,65.0469
3955,0.2314,65.0508
3956,0.2314,65.0548
3957,0.2315,65.0588
3958,0.2316,65.0627
3959,0.2316,65.0667
3960,0.2317,65.0706
3961,0.2318,65.0746
3962,0.2318,65.0785
3963,0.2319,65.0825
3964,0.2319,65.0864
3965,0.232,65.0904
3966,0.2321,65.0943
3967,0.2321,65.0983
3968,0.2322,65.1022
3969,0.2323,65.1062
3970,0.2323,65.1101
3971,0.2324,65.1141
3972,0.2324,65.118
3973,0.2325,65.1219
3974,0.2326,65.1259
3975,0.2326,65.1298
3976,0.2327,65.1337
3977,0.2327,65.1377
3978,0.2328,65.1416
3979,0.2329,65.1455
3980,0.2329,65.1495
3981,0.233,65.1534
3982,0.2331,65.1573
3983,0.2331,65.1613
3984,0.2332,65.1652
3985,0.2332,65.1691
3986,0.2333,65.173
3987,0.2334,65.177
3988,0.2334,65.1809
3989,0.2335,65.1848
3990,0.2335,65.1887
3991,0.2336,65.1926
3992,0.2337,65.1965
3993,0.2337,65.2005
3994,0.2338,65.2044
3995,0.2339,65.2083
3996,0.2339,65.2122
3997,0.234,65.2161
3998,0.234,65.22
3999,0.2341,65.2239
4000,0.2342,65.2278
4001,0.2342,65.2317
4002,0.2343,65.2356
4003,0.2343,65.2395
4004,0.2344,65.2434
4005,0.2345,65.2473
4006,0.2345,65.2512
4007,0.2346,65.2551
4008,0.2347,65.259
4009,0.2347,65.2629
4010,0.2348,65.2668
4011,0.2348,65.2707
4012,0.2349,65.2746
4013,0.235,65.2785
4014,0.235,65.2824
4015,0.2351,65.2862
4016,0.2352,65.2901
4017,0.2352,65.294
4018,0.2353,65.2979
4019,0.2353,65.3018
4020,0.2354,65.3057
4021,0.2355,65.3095
4022,0.2355,65.3134
4023,0.2356,65.3173
4024,0.2356,65.3212
4025,0.2357,65.325
4026,0.2358,65.3289
4027,0.2358,65.3328
4028,0.2359,65.3366
4029,0.236,65.3405
4030,0.236,65.3444
4031,0.2361,65.3482
4032,0.2361,65.3521
4033,0.2362,65.356
4034,0.2363,65.3598
4035,0.2363,65.3637
4036,0.2364,65.3676
4037,0.2364,65.3714
4038,0.2365,65.3753
4039,0.2366,65.3791
4040,0.2366,65.383
4041,0.2367,65.3868
4042,0.2368,65.3907
4043,0.2368,65.3945
4044,0.2369,65.3984
4045,0.2369,65.4022
4046,0.237,65.4061
4047,0.2371,65.4099
4048,0.2371,65.4138
4049,0.2372,65.4176
4050,0.2372,65.4215
4051,0.2373,65.4253
4052,0.2374,65.4292
4053,0.2374,65.433
4054,0.2375,65.4368
4055,0.2376,65.4407
4056,0.2376,65.4445
4057,0.2377,65.4483
4058,0.2377,65.4522
4059,0.2378,65.456
4060,0.2379,65.4598
4061,0.2379,65.4637
4062,0.238,65.4675
4063,0.2381,65.4713
4064,0.2381,65.4751
4065,0.2382,65.479
4066,0.2382,65.4828
4067,0.2383,65.4866
4068,0.2384,65.4904
4069,0.2384,65.4943
4070,0.2385,65.4981
4071,0.2385,65.5019
4072,0.2386,65.5057
4073,0.2387,65.5095
4074,0.2387,65.5133
4075,0.2388,65.5172
4076,0.2389,65.521
4077,0.2389,65.5248
4078,0.239,65.5286
4079,0.239,65.5324
4080,0.2391,65.5362
4081,0.2392,65.54
4082,0.2392,65.5438
4083,0.2393,65.5476
4084,0.2393,65.5514
4085,0.2394,65.5552
4086,0.2395,65.559
4087,0.2395,65.5628
4088,0.2396,65.5666
4089,0.2397,65.5704
4090,0.2397,65.5742
4091,0.2398,65.578
4092,0.2398,65.5818
4093,0.2399,65.5856
4094,0.24,65.5894
4095,0.24,65.5932
4096,0.2401,65.5969
4097,0.2401,65.6007
4098,0.2402,65.6045
4099,0.2403,65.6083
4100,0.2403,65.6121
4101,0.2404,65.6159
4102,0.2405,65.6196
4103,0.2405,65.6234
4104,0.2406,65.6272
4105,0.2406,65.631
4106,0.2407,65.6347
4107,0.2408,65.6385
4108,0.2408,65.6423
4109,0.2409,65.6461
4110,0.241,65.6498
4111,0.241,65.6536
4112,0.2411,65.6574
4113,0.2411,65.6611
4114,0.2412,65.6649
4115,0.2413,65.6687
4116,0.2413,65.6724
4117,0.2414,65.6762
4118,0.2414,65.68
4119,0.2415,65.6837
4120,0.2416,65.6875
4121,0.2416,65.6912
4122,0.2417,65.695
4123,0.2418,65.6988
4124,0.2418,65.7025
4125,0.2419,65.7063
4126,0.2419,65.71
4127,0.242,65.7138
4128,0.2421,65.7175
4129,0.2421,65.7213
4130,0.2422,65.725
4131,0.2422,65.7288
4132,0.2423,65.7325
4133,0.2424,65.7362
4134,0.2424,65.74
4135,0.2425,65.7437
4136,0.2426,65.7475
4137,0.2426,65.7512
4138,0.2427,65.7549
4139,0.2427,65.7587
4140,0.2428,65.7624
4141,0.2429,65.7662
4142,0.2429,65.7699
4143,0.243,65.7736
4144,0.243,65.7774
4145,0.2431,65.7811
4146,0.2432,65.7848
4147,0.2432,65.7885
4148,0.2433,65.7923
4149,0.2434,65.796
4150,0.2434,65.7997
4151,0.2435,65.8034
4152,0.2435,65.8072
4153,0.2436,65.8109
4154,0.2437,65.8146
4155,0.2437,65.8183
4156,0.2438,65.822
4157,0.2439,65.8258
4158,0.2439,65.8295
4159,0.244,65.8332
4160,0.244,65.8369
4161,0.2441,65.8406
4162,0.2442,65.8443
4163,0.2442,65.848
4164,0.2443,65.8517
4165,0.2443,65.8554
4166,0.2444,65.8591
4167,0.2445,65.8629
4168,0.2445,65.8666
4169,0.2446,65.8703
4170,0.2447,65.874
4171,0.2447,65.8777
4172,0.2448,65.8814
4173,0.2448,65.8851
4174,0.2449,65.8888
4175,0.245,65.8924
4176,0.245,65.8961
4177,0.2451,65.8998
4178,0.2451,65.9035
4179,0.2452,65.9072
4180,0.2453,65.9109
4181,0.2453,65.9146
4182,0.2454,65.9183
4183,0.2455,65.922
4184,0.2455,65.9257
4185,0.2456,65.9293
4186,0.2456,65.933
4187,0.2457,65.9367
4188,0.2458,65.9404
4189,0.2458,65.9441
4190,0.2459,65.9477
4191,0.2459,65.9514
4192,0.246,65.9551
4193,0.2461,65.9588
4194,0.2461,65.9625
4195,0.2462,65.9661
4196,0.2463,65.9698
4197,0.2463,65.9735
4198,0.2464,65.9771
4199,0.2464,65.9808
4200,0.2465,65.9845
4201,0.2466,65.9881
4202,0.2466,65.9918
4203,0.2467,65.9955
4204,0.2467,65.9991
4205,0.2468,66.0028
4206,0.2469,66.0065
4207,0.2469,66.0101
4208,0.247,66.0138
4209,0.2471,66.0174
4210,0.2471,66.0211
4211,0.2472,66.0247
4212,0.2472,66.0284
4213,0.2473,66.0321
4214,0.2474,66.0357
4215,0.2474,66.0394
4216,0.2475,66.043
4217,0.2476,66.0467
4218,0.2476,66.0503
4219,0.2477,66.0539
4220,0.2477,66.0576
4221,0.2478,66.0612
4222,0.2479,66.0649
4223,0.2479,66.0685
4224,0.248,66.0722
4225,0.248,66.0758
4226,0.2481,66.0794
4227,0.2482,66.0831
4228,0.2482,66.0867
4229,0.2483,66.0903
4230,0.2484,66.094
4231,0.2484,66.0976
4232,0.2485,66.1012
4233,0.2485,66.1049
4234,0.2486,66.1085
4235,0.2487,66.1121
4236,0.2487,66.1158
4237,0.2488,66.1194
4238,0.2488,66.123
4239,0.2489,66.1266
4240,0.249,66.1303
4241,0.249,66.1339
4242,0.2491,66.1375
4243,0.2492,66.1411
4244,0.2492,66.1447
4245,0.2493,66.1484
4246,0.2493,66.152
4247,0.2494,66.1556
4248,0.2495,66.1592
4249,0.2495,66.1628
4250,0.2496,66.1664
4251,0.2496,66.17
4252,0.2497,66.1737
4253,0.2498,66.1773
4254,0.2498,66.1809
4255,0.2499,66.1845
4256,0.25,66.1881
4257,0.25,66.1917
4258,0.2501,66.1953
4259,0.2501,66.1989
4260,0.2502,66.2025
4261,0.2503,66.2061
4262,0.2503,66.2097
4263,0.2504,66.2133
4264,0.2504,66.2169
4265,0.2505,66.2205
4266,0.2506,66.2241
4267,0.2506,66.2277
4268,0.2507,66.2313
4269,0.2508,66.2349
4270,0.2508,66.2385
4271,0.2509,66.242
4272,0.2509,66.2456
4273,0.251,66.2492
4274,0.2511,66.2528
4275,0.2511,66.2564
4276,0.2512,66.26
4277,0.2512,66.2636
4278,0.2513,66.2671
4279,0.2514,66.2707
4280,0.2514,66.2743
4281,0.2515,66.2779
4282,0.2516,66.2815
4283,0.2516,66.285
4284,0.2517,66.2886
4285,0.2517,66.2922
4286,0.2518,66.2958
4287,0.2519,66.2993
4288,0.2519,66.3029
4289,0.252,66.3065
4290,0.252,66.31
4291,0.2521,66.3136
4292,0.2522,66.3172
4293,0.2522,66.3208
4294,0.2523,66.3243
4295,0.2524,66.3279
4296,0.2524,66.3314
4297,0.2525,66.335
4298,0.2525,66.3386
4299,0.2526,66.3421
4300,0.2527,66.3457
4301,0.2527,66.3492
4302,0.2528,66.3528
4303,0.2529,66.3564
4304,0.2529,66.3599
4305,0.253,66.3635
4306,0.253,66.367
4307,0.2531,66.3706
4308,0.2532,66.3741
4309,0.2532,66.3777
4310,0.2533,66.3812
4311,0.2533,66.3848
4312,0.2534,66.3883
4313,0.2535,66.3919
4314,0.2535,66.3954
4315,0.2536,66.3989
4316,0.2537,66.4025
4317,0.2537,66.406
4318,0.2538,66.4096
4319,0.2538,66.4131
4320,0.2539,66.4166
4321,0.254,66.4202
4322,0.254,66.4237
4323,0.2541,66.4272
4324,0.2541,66.4308
4325,0.2542,66.4343
4326,0.2543,66.4378
4327,0.2543,66.4414
4328,0.2544,66.4449
4329,0.2545,66.4484
4330,0.2545,66.452
4331,0.2546,66.4555
4332,0.2546,66.459
4333,0.2547,66.4625
4334,0.2548,66.4661
4335,0.2548,66.4696
4336,0.2549,66.4731
4337,0.2549,66.4766
4338,0.255,66.4801
4339,0.2551,66.4837
4340,0.2551,66.4872
4341,0.2552,66.4907
4342,0.2553,66.4942
4343,0.2553,66.4977
4344,0.2554,66.5012
4345,0.2554,66.5048
4346,0.2555,66.5083
4347,0.2556,66.5118
4348,0.2556,66.5153
4349,0.2557,66.5188
4350,0.2557,66.5223
4351,0.2558,66.5258
4352,0.2559,66.5293
4353,0.2559,66.5328
4354,0.256,66.5363
4355,0.2561,66.5398
4356,0.2561,66.5433
4357,0.2562,66.5468
4358,0.2562,66.5503
4359,0.2563,66.5538
4360,0.2564,66.5573
4361,0.2564,66.5608
4362,0.2565,66.5643
4363,0.2565,66.5678
4364,0.2566,66.5713
4365,0.2567,66.5748
4366,0.2567,66.5783
4367,0.2568,66.5818
4368,0.2569,66.5852
4369,0.2569,66.5887
4370,0.257,66.5922
4371,0.257,66.5957
4372,0.2571,66.5992
4373,0.2572,66.6027
4374,0.2572,66.6062
4375,0.2573,66.6096
4376,0.2573,66.6131
4377,0.2574,66.6166
4378,0.2575,66.6201
4379,0.2575,66.6236
4380,0.2576,66.627
4381,0.2577,66.6305
4382,0.2577,66.634
4383,0.2578,66.6375
4384,0.2578,66.6409
4385,0.2579,66.6444
4386,0.258,66.6479
4387,0.258,66.6513
4388,0.2581,66.6548
4389,0.2581,66.6583
4390,0.2582,66.6617
4391,0.2583,66.6652
4392,0.2583,66.6687
4393,0.2584,66.6721
4394,0.2585,66.6756
4395,0.2585,66.6791
4396,0.2586,66.6825
4397,0.2586,66.686
4398,0.2587,66.6894
4399,0.2588,66.6929
4400,0.2588,66.6963
4401,0.2589,66.6998
4402,0.2589,66.7033
4403,0.259,66.7067
4404,0.2591,66.7102
4405,0.2591,66.7136
4406,0.2592,66.7171
4407,0.2593,66.7205
4408,0.2593,66.724
4409,0.2594,66.7274
4410,0.2594,66.7309
4411,0.2595,66.7343
4412,0.2596,66.7377
4413,0.2596,66.7412
4414,0.2597,66.7446
4415,0.2597,66.7481
4416,0.2598,66.7515
4417,0.2599,66.7549
4418,0.2599,66.7584
4419,0.26,66.7618
4420,0.2601,66.7653
4421,0.2601,66.7687
4422,0.2602,66.7721
4423,0.2602,66.7756
4424,0.2603,66.779
4425,0.2604,66.7824
4426,0.2604,66.7859
4427,0.2605,66.7893
4428,0.2605,66.7927
4429,0.2606,66.7961
4430,0.2607,66.7996
4431,0.2607,66.803
4432,0.2608,66.8064
4433,0.2609,66.8098
4434,0.2609,66.8133
4435,0.261,66.8167
4436,0.261,66.8201
4437,0.2611,66.8235
4438,0.2612,66.827
4439,0.2612,66.8304
4440,0.2613,66.8338
4441,0.2613,66.8372
4442,0.2614,66.8406
4443,0.2615,66.844
4444,0.2615,66.8474
4445,0.2616,66.8509
4446,0.2617,66.8543
4447,0.2617,66.8577
4448,0.2618,66.8611
4449,0.2618,66.8645
4450,0.2619,66.8679
4451,0.262,66.8713
4452,0.262,66.8747
4453,0.2621,66.8781
4454,0.2621,66.8815
4455,0.2622,66.8849
4456,0.2623,66.8883
4457,0.2623,66.8917
4458,0.2624,66.8951
4459,0.2625,66.8985
4460,0.2625,66.9019
4461,0.2626,66.9053
4462,0.2626,66.9087
4463,0.2627,66.9121
4464,0.2628,66.9155
4465,0.2628,66.9189
4466,0.2629,66.9223
4467,0.2629,66.9257
4468,0.263,66.9291
4469,0.2631,66.9325
4470,0.2631,66.9358
4471,0.2632,66.9392
4472,0.2633,66.9426
4473,0.2633,66.946
4474,0.2634,66.9494
4475,0.2634,66.9528
4476,0.2635,66.9562
4477,0.2636,66.9595
4478,0.2636,66.9629
4479,0.2637,66.9663
4480,0.2637,66.9697
4481,0.2638,66.9731
4482,0.2639,66.9764
4483,0.2639,66.9798
4484,0.264,66.9832
4485,0.2641,66.9866
4486,0.2641,66.9899
4487,0.2642,66.9933
4488,0.2642,66.9967
4489,0.2643,67.0
4490,0.2644,67.0034
4491,0.2644,67.0068
4492,0.2645,67.0101
4493,0.2645,67.0135
4494,0.2646,67.0169
4495,0.2647,67.0202
4496,0.2647,67.0236
4497,0.2648,67.027
4498,0.2649,67.0303
4499,0.2649,67.0337
4500,0.265,67.037
4501,0.265,67.0404
4502,0.2651,67.0438
4503,0.2652,67.0471
4504,0.2652,67.0505
4505,0.2653,67.0538
4506,0.2653,67.0572
4507,0.2654,67.0605
4508,0.2655,67.0639
4509,0.2655,67.0672
4510,0.2656,67.0706
4511,0.2657,67.0739
4512,0.2657,67.0773
4513,0.2658,67.0806
4514,0.2658,67.084
4515,0.2659,67.0873
4516,0.266,67.0907
4517,0.266,67.094
4518,0.2661,67.0974
4519,0.2661,67.1007
4520,0.2662,67.104
4521,0.2663,67.1074
4522,0.2663,67.1107
4523,0.2664,67.1141
4524,0.2665,67.1174
4525,0.2665,67.1207
4526,0.2666,67.1241
4527,0.2666,67.1274
4528,0.2667,67.1307
4529,0.2668,67.1341
4530,0.2668,67.1374
4531,0.2669,67.1407
4532,0.2669,67.1441
4533,0.267,67.1474
4534,0.2671,67.1507
4535,0.2671,67.154
4536,0.2672,67.1574
4537,0.2673,67.1607
4538,0.2673,67.164
4539,0.2674,67.1673
4540,0.2674,67.1707
4541,0.2675,67.174
4542,0.2676,67.1773
4543,0.2676,67.1806
4544,0.2677,67.1839
4545,0.2677,67.1873
4546,0.2678,67.1906
4547,0.2679,67.1939
4548,0.2679,67.1972
4549,0.268,67.2005
4550,0.2681,67.2038
4551,0.2681,67.2071
4552,0.2682,67.2105
4553,0.2682,67.2138
4554,0.2683,67.2171
4555,0.2684,67.2204
4556,0.2684,67.2237
4557,0.2685,67.227
4558,0.2685,67.2303
4559,0.2686,67.2336
4560,0.2687,67.2369
4561,0.2687,67.2402
4562,0.2688,67.2435
4563,0.2689,67.2468
4564,0.2689,67.2501
4565,0.269,67.2534
4566,0.269,67.2567
4567,0.2691,67.26
4568,0.2692,67.2633
4569,0.2692,67.2666
4570,0.2693,67.2699
4571,0.2693,67.2732
4572,0.2694,67.2765
4573,0.2695,67.2798
4574,0.2695,67.2831
4575,0.2696,67.2864
4576,0.2697,67.2897
4577,0.2697,67.2929
4578,0.2698,67.2962
4579,0.2698,67.2995
4580,0.2699,67.3028
4581,0.27,67.3061
4582,0.27,67.3094
4583,0.2701,67.3127
4584,0.2701,67.3159
4585,0.2702,67.3192
4586,0.2703,67.3225
4587,0.2703,67.3258
4588,0.2704,67.3291
4589,0.2705,67.3323
4590,0.2705,67.3356
4591,0.2706,67.3389
4592,0.2706,67.3422
4593,0.2707,67.3454
4594,0.2708,67.3487
4595,0.2708,67.352
4596,0.2709,67.3553
4597,0.2709,67.3585
4598,0.271,67.3618
4599,0.2711,67.3651
4600,0.2711,67.3683
4601,0.2712,67.3716
4602,0.2713,67.3749
4603,0.2713,67.3781
4604,0.2714,67.3814
4605,0.2714,67.3847
4606,0.2715,67.3879
4607,0.2716,67.3912
4608,0.2716,67.3944
4609,0.2717,67.3977
4610,0.2717,67.401
4611,0.2718,67.4042
4612,0.2719,67.4075
4613,0.2719,67.4107
4614,0.272,67.414
4615,0.272,67.4173
4616,0.2721,67.4205
4617,0.2722,67.4238
4618,0.2722,67.427
4619,0.2723,67.4303
4620,0.2724,67.4335
4621,0.2724,67.4368
4622,0.2725,67.44
4623,0.2725,67.4433
4624,0.2726,67.4465
4625,0.2727,67.4498
4626,0.2727,67.453
4627,0.2728,67.4562
4628,0.2728,67.4595
4629,0.2729,67.4627
4630,0.273,67.466
4631,0.273,67.4692
4632,0.2731,67.4724
4633,0.2732,67.4757
4634,0.2732,67.4789
4635,0.2733,67.4822
4636,0.2733,67.4854
4637,0.2734,67.4886
4638,0.2735,67.4919
4639,0.2735,67.4951
4640,0.2736,67.4983
4641,0.2736,67.5016
4642,0.2737,67.5048
4643,0.2738,67.508
4644,0.2738,67.5113
4645,0.2739,67.5145
4646,0.274,67.5177
4647,0.274,67.5209
4648,0.2741,67.5242
4649,0.2741,67.5274
4650,0.2742,67.5306
4651,0.2743,67.5338
4652,0.2743,67.5371
4653,0.2744,67.5403
4654,0.2744,67.5435
4655,0.2745,67.5467
4656,0.2746,67.5499
4657,0.2746,67.5532
4658,0.2747,67.5564
4659,0.2748,67.5596
4660,0.2748,67.5628
4661,0.2749,67.566
4662,0.2749,67.5692
4663,0.275,67.5725
4664,0.2751,67.5757
4665,0.2751,67.5789
4666,0.2752,67.5821
4667,0.2752,67.5853
4668,0.2753,67.5885
4669,0.2754,67.5917
4670,0.2754,67.5949
4671,0.2755,67.5981
4672,0.2756,67.6013
4673,0.2756,67.6045
4674,0.2757,67.6077
4675,0.2757,67.6109
4676,0.2758,67.6141
4677,0.2759,67.6174
4678,0.2759,67.6206
4679,0.276,67.6238
4680,0.276,67.6269
4681,0.2761,67.6301
4682,0.2762,67.6333
4683,0.2762,67.6365
4684,0.2763,67.6397
4685,0.2763,67.6429
4686,0.2764,67.6461
4687,0.2765,67.6493
4688,0.2765,67.6525
4689,0.2766,67.6557
4690,0.2767,67.6589
4691,0.2767,67.6621
4692,0.2768,67.6653
4693,0.2768,67.6685
4694,0.2769,67.6716
4695,0.277,67.6748
4696,0.277,67.678
4697,0.2771,67.6812
4698,0.2771,67.6844
4699,0.2772,67.6876
4700,0.2773,67.6907
4701,0.2773,67.6939
4702,0.2774,67.6971
4703,0.2775,67.7003
4704,0.2775,67.7035
4705,0.2776,67.7066
4706,0.2776,67.7098
4707,0.2777,67.713
4708,0.2778,67.7162
4709,0.2778,67.7193
4710,0.2779,67.7225
4711,0.2779,67.7257
4712,0.278,67.7289
4713,0.2781,67.732
4714,0.2781,67.7352
4715,0.2782,67.7384
4716,0.2783,67.7415
4717,0.2783,67.7447
4718,0.2784,67.7479
4719,0.2784,67.751
4720,0.2785,67.7542
4721,0.2786,67.7574
4722,0.2786,67.7605
4723,0.2787,67.7637
4724,0.2787,67.7669
4725,0.2788,67.77
4726,0.2789,67.7732
4727,0.2789,67.7763
4728,0.279,67.7795
4729,0.2791,67.7826
4730,0.2791,67.7858
4731,0.2792,67.789
4732,0.2792,67.7921
4733,0.2793,67.7953
4734,0.2794,67.7984
4735,0.2794,67.8016
4736,0.2795,67.8047
4737,0.2795,67.8079
4738,0.2796,67.811
4739,0.2797,67.8142
4740,0.2797,67.8173
4741,0.2798,67.8205
4742,0.2798,67.8236
4743,0.2799,67.8268
4744,0.28,67.8299
4745,0.28,67.8331
4746,0.2801,67.8362
4747,0.2802,67.8393
4748,0.2802,67.8425
4749,0.2803,67.8456
4750,0.2803,67.8488
4751,0.2804,67.8519
4752,0.2805,67.855
4753,0.2805,67.8582
4754,0.2806,67.8613
4755,0.2806,67.8645
4756,0.2807,67.8676
4757,0.2808,67.8707
4758,0.2808,67.8739
4759,0.2809,67.877
4760,0.281,67.8801
4761,0.281,67.8833
4762,0.2811,67.8864
4763,0.2811,67.8895
4764,0.2812,67.8926
4765,0.2813,67.8958
4766,0.2813,67.8989
4767,0.2814,67.902
4768,0.2814,67.9052
4769,0.2815,67.9083
4770,0.2816,67.9114
4771,0.2816,67.9145
4772,0.2817,67.9176
4773,0.2818,67.9208
4774,0.2818,67.9239
4775,0.2819,67.927
4776,0.2819,67.9301
4777,0.282,67.9332
4778,0.2821,67.9364
4779,0.2821,67.9395
4780,0.2822,67.9426
4781,0.2822,67.9457
4782,0.2823,67.9488
4783,0.2824,67.9519
4784,0.2824,67.9551
4785,0.2825,67.9582
4786,0.2825,67.9613
4787,0.2826,67.9644
4788,0.2827,67.9675
4789,0.2827,67.9706
4790,0.2828,67.9737
4791,0.2829,67.9768
4792,0.2829,67.9799
4793,0.283,67.983
4794,0.283,67.9861
4795,0.2831,67.9892
4796,0.2832,67.9923
4797,0.2832,67.9954
4798,0.2833,67.9985
4799,0.2833,68.0016
4800,0.2834,68.0047
4801,0.2835,68.0078
4802,0.2835,68.0109
4803,0.2836,68.014
4804,0.2837,68.0171
4805,0.2837,68.0202
4806,0.2838,68.0233
4807,0.2838,68.0264
4808,0.2839,68.0295
4809,0.284,68.0326
4810,0.284,68.0357
4811,0.2841,68.0388
4812,0.2841,68.0419
4813,0.2842,68.045
4814,0.2843,68.0481
4815,0.2843,68.0512
4816,0.2844,68.0542
4817,0.2844,68.0573
4818,0.2845,68.0604
4819,0.2846,68.0635
4820,0.2846,68.0666
4821,0.2847,68.0697
4822,0.2848,68.0727
4823,0.2848,68.0758
4824,0.2849,68.0789
4825,0.2849,68.082
4826,0.285,68.0851
4827,0.2851,68.0881
4828,0.2851,68.0912
4829,0.2852,68.0943
4830,0.2852,68.0974
4831,0.2853,68.1005
4832,0.2854,68.1035
4833,0.2854,68.1066
4834,0.2855,68.1097
4835,0.2856,68.1127
4836,0.2856,68.1158
4837,0.2857,68.1189
4838,0.2857,68.122
4839,0.2858,68.125
4840,0.2859,68.1281
4841,0.2859,68.1312
4842,0.286,68.1342
4843,0.286,68.1373
4844,0.2861,68.1404
4845,0.2862,68.1434
4846,0.2862,68.1465
4847,0.2863,68.1496
4848,0.2863,68.1526
4849,0.2864,68.1557
4850,0.2865,68.1587
4851,0.2865,68.1618
4852,0.2866,68.1649
4853,0.2867,68.1679
4854,0.2867,68.171
4855,0.2868,68.174
4856,0.2868,68.1771
4857,0.2869,68.1801
4858,0.287,68.1832
4859,0.287,68.1863
4860,0.2871,68.1893
4861,0.2871,68.1924
4862,0.2872,68.1954
4863,0.2873,68.1985
4864,0.2873,68.2015
4865,0.2874,68.2046
4866,0.2875,68.2076
4867,0.2875,68.2107
4868,0.2876,68.2137
4869,0.2876,68.2167
4870,0.2877,68.2198
4871,0.2878,68.2228
4872,0.2878,68.2259
4873,0.2879,68.2289
4874,0.2879,68.232
4875,0.288,68.235
4876,0.2881,68.238
4877,0.2881,68.2411
4878,0.2882,68.2441
4879,0.2882,68.2472
4880,0.2883,68.2502
4881,0.2884,68.2532
4882,0.2884,68.2563
4883,0.2885,68.2593
4884,0.2886,68.2623
4885,0.2886,68.2654
4886,0.2887,68.2684
4887,0.2887,68.2714
4888,0.2888,68.2745
4889,0.2889,68.2775
4890,0.2889,68.2805
4891,0.289,68.2836
4892,0.289,68.2866
4893,0.2891,68.2896
4894,0.2892,68.2927
4895,0.2892,68.2957
4896,0.2893,68.2987
4897,0.2894,68.3017
4898,0.2894,68.3048
4899,0.2895,68.3078
4900,0.2895,68.3108
4901,0.2896,68.3138
4902,0.2897,68.3168
4903,0.2897,68.3199
4904,0.2898,68.3229
4905,0.2898,68.3259
4906,0.2899,68.3289
4907,0.29,68.3319
4908,0.29,68.335
4909,0.2901,68.338
4910,0.2901,68.341
4911,0.2902,68.344
4912,0.2903,68.347
4913,0.2903,68.35
4914,0.2904,68.353
4915,0.2905,68.3561
4916,0.2905,68.3591
4917,0.2906,68.3621
4918,0.2906,68.3651
4919,0.2907,68.3681
4920,0.2908,68.3711
4921,0.2908,68.3741
4922,0.2909,68.3771
4923,0.2909,68.3801
4924,0.291,68.3831
4925,0.2911,68.3861
4926,0.2911,68.3891
4927,0.2912,68.3921
4928,0.2913,68.3951
4929,0.2913,68.3981
4930,0.2914,68.4011
4931,0.2914,68.4041
4932,0.2915,68.4071
4933,0.2916,68.4101
4934,0.2916,68.4131
4935,0.2917,68.4161
4936,0.2917,68.4191
4937,0.2918,68.4221
4938,0.2919,68.4251
4939,0.2919,68.4281
4940,0.292,68.4311
4941,0.292,68.4341
4942,0.2921,68.4371
4943,0.2922,68.4401
4944,0.2922,68.4431
4945,0.2923,68.446
4946,0.2924,68.449
4947,0.2924,68.452
4948,0.2925,68.455
4949,0.2925,68.458
4950,0.2926,68.461
4951,0.2927,68.464
4952,0.2927,68.467
4953,0.2928,68.4699
4954,0.2928,68.4729
4955,0.2929,68.4759
4956,0.293,68.4789
4957,0.293,68.4819
4958,0.2931,68.4848
4959,0.2931,68.4878
4960,0.2932,68.4908
4961,0.2933,68.4938
4962,0.2933,68.4968
4963,0.2934,68.4997
4964,0.2935,68.5027
4965,0.2935,68.5057
4966,0.2936,68.5087
4967,0.2936,68.5116
4968,0.2937,68.5146
4969,0.2938,68.5176
4970,0.2938,68.5205
4971,0.2939,68.5235
4972,0.2939,68.5265
4973,0.294,68.5294
4974,0.2941,68.5324
4975,0.2941,68.5354
4976,0.2942,68.5383
4977,0.2943,68.5413
4978,0.2943,68.5443
4979,0.2944,68.5472
4980,0.2944,68.5502
4981,0.2945,68.5532
4982,0.2946,68.5561
4983,0.2946,68.5591
4984,0.2947,68.5621
4985,0.2947,68.565
4986,0.2948,68.568
4987,0.2949,68.5709
4988,0.2949,68.5739
4989,0.295,68.5768
4990,0.295,68.5798
4991,0.2951,68.5828
4992,0.2952,68.5857
4993,0.2952,68.5887
4994,0.2953,68.5916
4995,0.2954,68.5946
4996,0.2954,68.5975
4997,0.2955,68.6005
4998,0.2955,68.6034
4999,0.2956,68.6064
5000,0.2957,68.6093
